1.1857153025766223e-05 0.98396972582388131 -6.0251360517800256e-06 2.1170209842638144e-11 -5.6910893799802461e-17 1.3168312754133458e-22 -2.7974226723834703e-28 5.6833980658101049e-34 -1.1358332460666239e-39 2.2794626210612724e-45 -4.666607118524715e-51 9.8676991976452092e-57 -1.9446922743316068e-62 0 0 0 0 0 0 0 0 0 0 0 0 0 0 0 0 0 0 0 0 0 0 0 0 0 0 0 0 -4.861730685829017e-63 0 -4.861730685829017e-63 -4.861730685829017e-63 4.861730685829017e-63 -9.7234613716580339e-63 -9.7234613716580339e-63 0 -4.861730685829017e-63 -9.7234613716580339e-63 -4.861730685829017e-63 -6.6702945009574113e-60 -1.2397471589632223e-56 -1.9392646367354281e-53 -2.5473334085388261e-50 -2.8057415293721388e-47 -2.5872537527796645e-44 -1.9939646272120491e-41 -1.2819583772029479e-38 -6.8615725741689764e-36 -3.0506692567247505e-33 -1.1238720888937002e-30 -3.4213830001418303e-28 -8.5807851569940658e-26 -1.7668963469843045e-23 -2.9756556248332937e-21 -4.0807806152718109e-19 -4.5343791734143396e-17 -4.0587364443878944e-15 -2.906834322682935e-13 -1.6524185288901557e-11 -7.3840440247569937e-10 -2.5632746191516903e-08 -6.8101032370145984e-07 -1.3582590058200651e-05 -0.00019811489375064499 -0.0020342302887147077 -0.013799581587992289 -0.054480676532747616 -0.094796931901343237 -0.020981143411990432 0.12185966567957297 -0.016006348983926708 5.4189564878194234e-05 -3.0376554665912902e-10 1.165328822592754e-20 -1.96117628583848e-39
8.1988591077465865e-11 1.3607688248724892e-05 0.98396882180265832 -6.9146408101404045e-06 2.7882461661398684e-11 -8.6021014806435319e-17 2.2842441235214326e-22 -5.5689552716427178e-28 1.2984552957634805e-33 -2.9780832048700702e-39 6.8589571905007315e-45 -1.6114998577783802e-50 3.9106453831254124e-56 -9.7234613716580339e-62 0 0 0 0 0 0 0 0 0 0 0 0 0 0 0 0 0 0 0 0 0 0 0 0 0 0 0 -4.861730685829017e-63 0 0 -4.861730685829017e-63 4.861730685829017e-63 -4.861730685829017e-63 -9.7234613716580339e-63 0 -9.7234613716580339e-63 -9.7234613716580339e-63 -4.861730685829017e-63 -6.7772525760456496e-60 -1.2599374403284016e-56 -1.9708464028075932e-53 -2.588817838454431e-50 -2.8514342473459628e-47 -2.6293883022096125e-44 -2.0264372056613042e-41 -1.30283562498888e-38 -6.9733162563129857e-36 -3.1003507267347959e-33 -1.142174832362079e-30 -3.477101702605322e-28 -8.7205269537942571e-26 -1.795671017560038e-23 -3.0241154617002419e-21 -4.147237888416538e-19 -4.6082234929680452e-17 -4.124834715141877e-15 -2.9541733697396215e-13 -1.6793288741697389e-11 -7.5042963463512897e-10 -2.6050186422942415e-08 -6.9210086711621968e-07 -1.3803788303767789e-05 -0.00020134127843212063 -0.0020673585805789578 -0.014024313472907245 -0.055367916280934446 -0.096340735670910879 -0.02132282223670013 0.12384421091331085 -0.016267020918811846 5.5072072012937013e-05 -3.0871254122538769e-10 1.1843068733098383e-20 -1.99311517519996e-39
4.3374866297651428e-16 1.0798418195990941e-10 1.5616622709873101e-05 0.98396778431427623 -7.9354644259326304e-06 3.6722905929151535e-11 -1.3002106355806171e-16 3.9623690451456373e-22 -1.1086371322044744e-27 2.9665113488240723e-33 -7.8083487601775806e-39 2.0638773247353896e-44 -5.5649277035061481e-50 1.5498199313113105e-55 -4.5214095378209858e-61 0 0 0 0 0 0 0 0 0 0 0 0 0 0 0 0 0 0 0 0 0 0 0 0 0 0 -4.861730685829017e-63 0 0 -4.861730685829017e-63 4.861730685829017e-63 -9.7234613716580339e-63 -9.7234613716580339e-63 -4.861730685829017e-63 -4.861730685829017e-63 -9.7234613716580339e-63 -4.861730685829017e-63 -6.884210651133888e-60 -1.2804554023418058e-56 -2.0029425871451067e-53 -2.6309779857459939e-50 -2.897871229164916e-47 -2.6722091583578393e-44 -2.0594387122030465e-41 -1.3240529308284946e-38 -7.0868800699033958e-36 -3.1508414308246063e-33 -1.1607756990933317e-30 -3.5337279760642859e-28 -8.8625449267551385e-26 -1.8249143826097443e-23 -3.0733646335230675e-21 -4.2147776463672212e-19 -4.6832706204261482e-17 -4.1920096225183029e-15 -3.0022834949680936e-13 -1.706677546208517e-11 -7.6265073861531179e-10 -2.6474426084485316e-08 -7.0337205750093907e-07 -1.4028589506179078e-05 -0.00020462021555215068 -0.0021010264759970436 -0.014252705845010698 -0.056269607508931091 -0.097909684715413753 -0.021670065105071478 0.12586108262129717 -0.016531939065552635 5.59689549290074e-05 -3.1374012156061288e-10 1.203594074945738e-20 -2.0255743472650359e-39
1.9750916545214056e-21 6.5561346598544079e-16 1.4222177434443077e-10 1.7922139033697172e-05 0.98396659365338501 -9.1069934406023515e-06 4.8366308154254067e-11 -1.965272890603897e-16 6.873332500897312e-22 -2.2070144184081662e-27 6.7774313025045638e-33 -2.0473011073108731e-38 6.210261133721189e-44 -1.9217152533297867e-49 6.1420642531998359e-55 -2.0467886187340161e-60 0 0 0 0 0 0 0 0 0 0 0 0 0 0 0 0 0 0 0 0 0 0 0 0 0 0 0 0 -4.861730685829017e-63 4.861730685829017e-63 -9.7234613716580339e-63 -9.7234613716580339e-63 -4.861730685829017e-63 -4.861730685829017e-63 -9.7234613716580339e-63 -4.861730685829017e-63 -6.9960304569079554e-60 -1.3013088237725322e-56 -2.0355615849845169e-53 -2.6738248776442321e-50 -2.9450646206782861e-47 -2.7157275212467252e-44 -2.0929777785488603e-41 -1.345615844210421e-38 -7.2022937180712932e-36 -3.2021545750515274e-33 -1.1796795542165409e-30 -3.5912766313194955e-28 -9.0068762211164865e-26 -1.8546340908120426e-23 -3.123416021524973e-21 -4.2834175542463485e-19 -4.7595401844214372e-17 -4.2602787361093862e-15 -3.0511772815212684e-13 -1.7344716979911138e-11 -7.7507091080153348e-10 -2.6905576133732725e-08 -7.1482684274883809e-07 -1.4257052459784134e-05 -0.00020795256266796145 -0.0021352427800985173 -0.014484818433251249 -0.057185986009682825 -0.099504189245896518 -0.022022962602781519 0.12791080855106587 -0.016801172761271431 5.6880448401309868e-05 -3.1884960384062793e-10 1.2231954769661664e-20 -2.0585623001056482e-39
8.2571375451408531e-27 3.4261002081395566e-21 9.9096203749239169e-16 1.8731476764613052e-10 2.0568021461739124e-05 0.98396522720510293 -1.0451476342586857e-05 6.3701374713031112e-11 -2.9705167729360747e-16 1.1922842703795696e-21 -4.3936047797431941e-27 1.5484042210529409e-32 -5.3678998417337839e-38 1.8686848669739273e-43 -6.6361904528529698e-49 2.4341528257573433e-54 -9.3150759940483965e-60 0 0 0 0 0 0 0 0 0 0 0 0 0 0 0 0 0 0 0 0 0 0 0 0 -4.861730685829017e-63 0 -4.861730685829017e-63 -4.861730685829017e-63 4.861730685829017e-63 -9.7234613716580339e-63 -9.7234613716580339e-63 -4.861730685829017e-63 -4.861730685829017e-63 -9.7234613716580339e-63 -9.7234613716580339e-63 -7.1078502626820228e-60 -1.3225015940051295e-56 -2.0687119310940427e-53 -2.7173697248260884e-50 -2.9930267697935498e-47 -2.7599547772201523e-44 -2.127063180004282e-41 -1.367530006941398e-38 -7.3195873980654154e-36 -3.2543035851551362e-33 -1.1988913437907012e-30 -3.649762725540358e-28 -9.1535585999940305e-26 -1.8848379180712081e-23 -3.1742827211857836e-21 -4.3531755709962234e-19 -4.8370521400540899e-17 -4.329659917716849e-15 -3.1008675218196436e-13 -1.7627186014552067e-11 -7.8769340073087585e-10 -2.7343749373198309e-08 -7.2646821976336861e-07 -1.4489236936278292e-05 -0.0002113391915892178 -0.0021700164443094576 -0.014720711958498486 -0.058117291488544574 -0.10112466626527165 -0.022381606773221416 0.12999392527611187 -0.017074792506185512 5.7806791149901988e-05 -3.2404232638271704e-10 1.2431162138331705e-20 -2.092087674866952e-39
3.3013665781338689e-32 1.6437867575770354e-26 5.94309179702196e-21 1.4978425601168597e-15 2.4670497933282625e-10 2.3604517904097381e-05 0.9839636590153491 -1.1994446038582538e-05 8.3898584575373288e-11 -4.489946334395487e-16 2.0681989288778099e-21 -8.7465520189700486e-27 3.5375590494327961e-32 -1.4074315253614811e-37 5.6229281246061072e-43 -2.2916536564854904e-48 9.6467662963156415e-54 -4.2369982926999883e-59 0 0 0 0 0 0 0 0 0 0 0 0 0 0 0 0 0 0 0 0 0 0 0 0 0 -4.861730685829017e-63 -4.861730685829017e-63 4.861730685829017e-63 -9.7234613716580339e-63 -9.7234613716580339e-63 0 -9.7234613716580339e-63 -9.7234613716580339e-63 -4.861730685829017e-63 -7.2245317991419192e-60 -1.3440390609433521e-56 -2.102402301232093e-53 -2.7616239250231075e-50 -3.0417702304447738e-47 -2.8049025026030621e-44 -2.1617038382893202e-41 -1.3898011549597381e-38 -7.4387918109591591e-36 -3.3073021108732909e-33 -1.2184160963948773e-30 -3.7092015671061976e-28 -9.3026304565224463e-26 -1.9155337700178348e-23 -3.2259780464538378e-21 -4.4240699551558739e-19 -4.9158267753117088e-17 -4.4001713270995474e-15 -3.1513672216685762e-13 -1.7914256498326269e-11 -8.0052151213869052e-10 -2.7789060486663198e-08 -7.3829923542419555e-07 -1.4725203703981447e-05 -0.00021478098865947791 -0.0022053565692462846 -0.014960448153215905 -0.059063767641255385 -0.10277153970530242 -0.022746091151587114 0.1321109783640933 -0.017352869985385665 5.8748225913105111e-05 -3.2931965005326009e-10 1.2633615065643291e-20 -2.1261592583888902e-39
1.2984177349404523e-37 7.5424581151675441e-32 3.2723602250430267e-26 1.0309196957616381e-20 2.2639942102615945e-15 3.2492548803022669e-10 2.7089294085068242e-05 0.98396185929770996 -1.3765204680620447e-05 1.104995274992271e-10 -6.7865692734792007e-16 3.5876068286056287e-21 -1.7412168771987657e-26 8.0820809722761e-32 -3.6902038834612606e-37 1.6919568800142276e-42 -7.9136986671578474e-48 3.8231044633758469e-53 -1.9268983400214726e-58 0 0 0 0 0 0 0 0 0 0 0 0 0 0 0 0 0 0 0 0 0 0 -4.861730685829017e-63 0 0 -9.7234613716580339e-63 0 -9.7234613716580339e-63 -9.7234613716580339e-63 -4.861730685829017e-63 -9.7234613716580339e-63 -9.7234613716580339e-63 -9.7234613716580339e-63 -7.3460750662876446e-60 -1.36592803101016e-56 -2.1366415189536894e-53 -2.8065990668140723e-50 -3.0913077667695582e-47 -2.8505824675528071e-44 -2.1969088245063787e-41 -1.4124351202432796e-38 -7.5599381718616292e-36 -3.3611640304814452e-33 -1.2382589248002812e-30 -3.7696087206957979e-28 -9.4541308266178109e-26 -1.9467296846363166e-23 -3.2785155341700632e-21 -4.4961192709267618e-19 -4.9958847178074388e-17 -4.4718314280028752e-15 -3.2026896045748878e-13 -1.8206003601020849e-11 -8.1355860405403524e-10 -2.8241626077176913e-08 -7.5032298759592886e-07 -1.4965014547933797e-05 -0.00021827885504884 -0.0022412724077135343 -0.015204089781719195 -0.060025662233355002 -0.10444524056238293 -0.023116510787985749 0.13426252256589399 -0.017635478094249396 5.9704999534683919e-05 -3.3468295876046756e-10 1.2839366646314968e-20 -2.1607859864061895e-39
5.1279816464355652e-43 3.4043706461361569e-37 1.7231846421676887e-31 6.5144354154195743e-26 1.7882871665203466e-20 3.4220350453715953e-15 4.2794662689550248e-10 3.1088528518536232e-05 0.98395979386746169 -1.5797380050089664e-05 1.4553456738141597e-10 -1.0257922584216373e-15 6.2232524596390391e-21 -3.4663224113199341e-26 1.8464725951852063e-31 -9.6755062199403934e-37 5.0911558039508225e-42 -2.7328165567617259e-47 1.5151343265914333e-52 -8.7640474381165357e-58 4.861730685829017e-63 0 0 0 0 0 0 0 0 0 0 0 0 0 0 0 0 0 0 0 0 -4.861730685829017e-63 0 -4.861730685829017e-63 -9.7234613716580339e-63 0 -9.7234613716580339e-63 -9.7234613716580339e-63 -4.861730685829017e-63 -9.7234613716580339e-63 -1.4585192057487051e-62 -4.861730685829017e-63 -7.462756602747541e-60 -1.3881738521093079e-56 -2.1714385551242936e-53 -2.8523069336004408e-50 -3.1416523574907277e-47 -2.8970066400992691e-44 -2.232687362253618e-41 -1.4354378328108105e-38 -7.6830582206288186e-36 -3.4159034555542462e-33 -1.2584250277241977e-30 -3.8310000126259894e-28 -9.6080994023643213e-26 -1.9784338350207927e-23 -3.3319089487082453e-21 -4.5693423945347338e-19 -5.0772469418469628e-17 -4.544658994482251e-15 -3.2548481162738205e-13 -1.8502503755612892e-11 -8.2680809194836379e-10 -2.8701564706902564e-08 -7.6254262618570715e-07 -1.5208732290962097e-05 -0.00022183370706066685 -0.0022777733678449987 -0.015451700661394195 -0.061003227183295462 -0.10614620703934657 -0.023492962270720091 0.13644912201485221 -0.017922690965286071 6.0677363056064184e-05 -3.4013365997602961e-10 1.3048470879718843e-20 -2.1959769469381588e-39
2.0659950776429371e-48 1.543022096333113e-42 8.926044754287969e-37 3.9368675703307242e-31 1.2968582748143479e-25 3.1020565519653012e-20 5.1724176966321415e-15 5.6363167632453553e-10 3.5678169093761996e-05 0.9839574234919557 -1.8129564056676101e-05 1.9167781129901329e-10 -1.5504884712034294e-15 1.0795183966962013e-20 -6.900573081349555e-26 4.2185454298811724e-31 -2.5368647619883898e-36 1.5319474697176883e-41 -9.4371739433071669e-47 6.0046370078762865e-52 -3.9860552016202377e-57 2.9170384114974102e-62 0 0 0 0 0 0 0 0 0 0 0 0 0 0 0 0 0 0 0 -4.861730685829017e-63 0 0 -9.7234613716580339e-63 0 -9.7234613716580339e-63 -1.4585192057487051e-62 -4.861730685829017e-63 -4.861730685829017e-63 -9.7234613716580339e-63 -4.861730685829017e-63 -7.5842998698932665e-60 -1.4107813859714814e-56 -2.206802529864499e-53 -2.8987595077961859e-50 -3.1928172005289088e-47 -2.9441871903978128e-44 -2.269048830902293e-41 -1.4588153228288759e-38 -7.8081842331386506e-36 -3.4715347359777141e-33 -1.2789196916761868e-30 -3.8933915364710144e-28 -9.7645765461047882e-26 -2.0106545322759202e-23 -3.3861722868590254e-21 -4.6437585209259581e-19 -5.159934775866241e-17 -4.6186731175580692e-15 -3.3078564294930811e-13 -1.8803834685336271e-11 -8.4027344894423061e-10 -2.9168996939040426e-08 -7.749613542558303e-07 -1.5456420815839334e-05 -0.00022544647645416773 -0.002314869016406311 -0.015703345684994898 -0.061996718649707544 -0.107874884694037 -0.023875543749720857 0.13867135043750262 -0.018214583996606873 6.1665571814273191e-05 -3.4567318528962843e-10 1.3260982691268592e-20 -2.2317413838943156e-39
8.597218681077479e-54 7.134413817449097e-48 4.6429897200581856e-42 2.3403531908670571e-36 8.9943522406619475e-31 2.5817151163988547e-25 5.3809901150426579e-20 7.8181269693795322e-15 7.4233703647328515e-10 4.0945375116597332e-05 0.98395470314502465 -2.0806045466923426e-05 2.524512120116985e-10 -2.3435685329917773e-15 1.8725901498180777e-20 -1.3737303687745713e-25 9.6379089280066045e-31 -6.651525527413339e-36 4.609690903852617e-41 -3.2589224332950489e-46 2.3797050030847313e-51 -1.8129427759571205e-56 1.4585192057487051e-61 0 0 0 0 0 0 0 0 0 0 0 0 0 0 0 0 0 0 0 0 0 -4.861730685829017e-63 4.861730685829017e-63 -1.4585192057487051e-62 -9.7234613716580339e-63 0 -4.861730685829017e-63 -9.7234613716580339e-63 -4.861730685829017e-63 -7.7107048677248209e-60 -1.4337569528465722e-56 -2.2427427227596657e-53 -2.9459689752544009e-50 -3.2448157178762749e-47 -2.9921364952230082e-44 -2.3060027690595902e-41 -1.4825737228378113e-38 -7.9353490332038826e-36 -3.5280724652448956e-33 -1.2997482929086694e-30 -3.956799658999493e-28 -9.9236033053272157e-26 -2.0434002285814618e-23 -3.4413197829895777e-21 -4.7193871708405836e-19 -5.2439699102885679e-17 -4.6938932122455672e-15 -3.3617284489850256e-13 -1.9110075432270239e-11 -8.5395820709186458e-10 -2.964404538210164e-08 -7.8758242919863196e-07 -1.57081450886805e-05 -0.00022911811078490409 -0.0023525690822799594 -0.015959090844161455 -0.063006397123355984 -0.1096317265954925 -0.02426435496009053 0.14092979137739442 -0.01851123388224369 6.2669885546398898e-05 -3.513029910009086e-10 1.3476957955263626e-20 -2.2680887009260968e-39
3.7328368205795192e-59 3.4071430488937899e-53 2.4636968729626888e-47 1.3970870369734841e-41 6.1362618624630423e-36 2.054892399536377e-30 5.1395393202861522e-25 9.3341486848873767e-20 1.1817125370873377e-14 9.7770268713150435e-10 4.6990172167025207e-05 0.98395158115119585 -2.3877650763061015e-05 3.324933816059811e-10 -3.5423116411804036e-15 3.248295185450889e-20 -2.7347522831544807e-25 2.2019282466020351e-30 -1.7439963965294212e-35 1.387075973066854e-40 -1.1253996043054443e-45 9.4310564153282304e-51 -8.2456717239899084e-56 7.5842998698932665e-61 0 0 0 0 0 0 0 0 0 0 0 0 0 0 0 0 0 -4.861730685829017e-63 0 -4.861730685829017e-63 -4.861730685829017e-63 4.861730685829017e-63 -1.4585192057487051e-62 -9.7234613716580339e-63 -4.861730685829017e-63 -4.861730685829017e-63 -1.4585192057487051e-62 -4.861730685829017e-63 -7.8371098655563753e-60 -1.4571078453306089e-56 -2.2792685675120164e-53 -2.9939477299598423e-50 -3.2976615607667595e-47 -3.0408671427356358e-44 -2.3435588782420052e-41 -1.5067192701130825e-38 -8.0645860052089738e-36 -3.5855314860732627e-33 -1.3209162994859832e-30 -4.021241026471857e-28 -1.0085221428454891e-25 -2.0766795204427891e-23 -3.4973659145161564e-21 -4.7962481983151028e-19 -5.3293744058574748e-17 -4.7703390250101206e-15 -3.4164783168631134e-13 -1.9421306387654824e-11 -8.6786595872274826e-10 -3.0126834736848257e-08 -8.0040916398195872e-07 -1.5963971183740503e-05 -0.00023284957376562277 -0.0023908834601571441 -0.016219003254320782 -0.064032527524404567 -0.11141719348873358 -0.02465949724571535 0.14322503843380718 -0.018812718644578084 6.3690568501494654e-05 -3.5702455875425087e-10 1.3696453519397783e-20 -2.3050284655598965e-39
0 1.6975705035709179e-58 1.35027676793379e-52 8.5077841494384458e-47 4.2038711108884894e-41 1.6088906384716654e-35 4.6947060487918105e-30 1.0231519932507202e-24 1.6191507199909726e-19 1.7861624679668962e-14 1.2876932655477062e-09 5.3927351167445506e-05 0.98394799820341527 -2.7402709081525802e-05 4.3791363271185475e-10 -5.3542157202138015e-15 5.6346678329829638e-20 -5.4442074518758772e-25 5.030646511509877e-30 -4.5726749929869767e-35 4.1737773694698764e-40 -3.8863352511368335e-45 3.7376492350637984e-50 -3.7503274315121646e-55 3.9574487782648198e-60 0 0 0 0 0 0 0 0 0 0 0 0 0 0 0 0 -4.861730685829017e-63 0 -4.861730685829017e-63 -4.861730685829017e-63 4.861730685829017e-63 -1.4585192057487051e-62 -9.7234613716580339e-63 -4.861730685829017e-63 -9.7234613716580339e-63 -9.7234613716580339e-63 -4.861730685829017e-63 -7.9635148633879298e-60 -1.4808389251542775e-56 -2.3163896621502712e-53 -3.0427083790301917e-50 -3.3513686151835926e-47 -3.0903919375606649e-44 -2.3817270267883119e-41 -1.5312583091806075e-38 -8.1959291075707668e-36 -3.6439268963882002e-33 -1.3424292734882452e-30 -4.0867325713479427e-28 -1.0249473381664499e-25 -2.1105011521529323e-23 -3.5543254077326114e-21 -4.8743617986724511e-19 -5.4161707025110538e-17 -4.8480306417065687e-15 -3.4721204182845253e-13 -1.9737609324170616e-11 -8.8200035789079563e-10 -3.0617491846266214e-08 -8.1344492847495884e-07 -1.6223966309806664e-05 -0.0002366418456502031 -0.0024298222144647783 -0.016483151181158392 -0.065075379305710584 -0.11323175396929963 -0.025061073582892997 0.14555769551747672 -0.019119117669183339 6.4727889561006364e-05 -3.6283939622256587e-10 1.3919527231174656e-20 -2.3425704136523786e-39
0 0 7.7209145021650618e-58 5.3512531402130569e-52 2.9379601422729716e-46 1.2649563444381525e-40 4.2184154285328919e-35 1.0725754865468758e-29 2.0368367178124067e-24 2.8086646535639404e-19 2.6997905148450569e-14 1.6959692201851e-09 6.1888647683271288e-05 0.98394388623555817 -3.144815953077386e-05 5.7675826818845308e-10 -8.0929144982096163e-15 9.7742003828320837e-20 -1.0838059769212804e-24 1.1493300959702624e-29 -1.1989348377309346e-34 1.2559113496139094e-39 -1.3420683940854216e-44 1.4812824115019228e-49 -1.7057435833355184e-54 2.0662355414773322e-59 0 0 0 0 0 0 0 0 0 0 0 0 0 0 0 -4.861730685829017e-63 0 0 -9.7234613716580339e-63 4.861730685829017e-63 -9.7234613716580339e-63 -1.4585192057487051e-62 -4.861730685829017e-63 -4.861730685829017e-63 -1.4585192057487051e-62 -4.861730685829017e-63 -8.0899198612194842e-60 -1.5049565125674695e-56 -2.3541157709743394e-53 -3.0922637480673633e-50 -3.4059510077520856e-47 -3.1407239062203604e-44 -2.4205172540461176e-41 -1.5561972945079063e-38 -8.3294128871398978e-36 -3.7032740557245697e-33 -1.3642928733691506e-30 -4.1532915194629474e-28 -1.0416402366878168e-25 -2.1448740194961758e-23 -3.6122132440453961e-21 -4.9537485170690405e-19 -5.5043816288744367e-17 -4.9269884960711921e-15 -3.5286693875280006e-13 -2.0059067430461315e-11 -8.9636512191353671e-10 -3.1116145749000638e-08 -8.2669315086554198e-07 -1.6488198838411263e-05 -0.00024049592364398244 -0.0024693955835607836 -0.016751604068882223 -0.06613522656299177 -0.11507588466887828 -0.025469188603915949 0.14792837712580567 -0.019430511742434483 6.5782122368981526e-05 -3.6874903784737574e-10 1.4146237966512832e-20 -2.3807244542159494e-39
0 0 4.861730685829017e-63 3.5116037657208698e-57 2.1207452778429491e-51 1.0145550545220788e-45 3.8062904998404525e-40 1.1060439324651091e-34 2.4504592997994826e-29 4.0548275605194638e-24 4.8720591942067314e-19 4.0807422557709005e-14 2.2336926897451926e-09 7.1025242785223381e-05 0.98393916712822627 -3.6090821883675851e-05 7.5962470669839896e-10 -1.2232466257777823e-14 1.6954861982233836e-19 -2.1575886648932691e-24 2.6258272112830782e-29 -3.1435573777378077e-34 3.7791093985079958e-39 -4.6345764366017348e-44 5.8705458102341951e-49 -7.7581811166676856e-54 1.0786235699580257e-58 -4.861730685829017e-63 0 0 0 0 0 0 0 0 0 0 0 0 0 0 0 -4.861730685829017e-63 -9.7234613716580339e-63 4.861730685829017e-63 -1.4585192057487051e-62 -9.7234613716580339e-63 -4.861730685829017e-63 -4.861730685829017e-63 -9.7234613716580339e-63 -4.861730685829017e-63 -8.2260483204226967e-60 -1.5294669278200765e-56 -2.3924568289308775e-53 -3.142626886909417e-50 -3.4614231120728398e-47 -3.1918763029733788e-44 -2.459939774871206e-41 -1.5815427933962677e-38 -8.4650724946776789e-36 -3.763588592106187e-33 -1.3865128564897496e-30 -4.2209353977388148e-28 -1.0586052341097461e-25 -2.1798071737277859e-23 -3.6710446666732111e-21 -5.0344292576784066e-19 -5.5940304124589107e-17 -5.0072333788453838e-15 -3.5861401145234296e-13 -2.0385765348219717e-11 -9.1096403302760118e-10 -3.1622927736748097e-08 -8.4015731918259943e-07 -1.6756738334123743e-05 -0.00024441282234421904 -0.002509613984235849 -0.017024432570532929 -0.067212348152835846 -0.11695007045357031 -0.025883948620534909 0.15033770864041424 -0.019746983092296153 6.685354547351719e-05 -3.7475504564359202e-10 1.4376645660868627e-20 -2.4195006746698351e-39
0 0 0 2.4308653429145085e-62 1.597136871063062e-56 8.4046935044570415e-51 3.5035285611017964e-45 1.1453246532175682e-39 2.8999843106003633e-34 5.5984436184847681e-29 8.0721401673330661e-24 8.4513344340733345e-19 6.1680552002210878e-14 2.9419059344848981e-09 8.1510632890913556e-05 0.9839337512231362 -4.1418854731595738e-05 1.000470313837151e-09 -1.8489411409634201e-14 2.9410837776364605e-19 -4.2952261067630105e-24 5.999125612284564e-29 -8.2422893032602911e-34 1.1371580530195514e-38 -1.6004665914191554e-43 2.3265938645131349e-48 -3.5286447117791713e-53 5.6300299861105765e-58 -9.7234613716580339e-63 0 0 0 0 0 0 0 0 0 0 0 0 -4.861730685829017e-63 0 -4.861730685829017e-63 -4.861730685829017e-63 4.861730685829017e-63 -9.7234613716580339e-63 -9.7234613716580339e-63 -4.861730685829017e-63 -9.7234613716580339e-63 -9.7234613716580339e-63 -9.7234613716580339e-63 -8.3573150489400802e-60 -1.5543774635081272e-56 -2.4314229459888468e-53 -3.1938110758370441e-50 -3.5177995555603168e-47 -3.2438626161197234e-44 -2.5000049844857792e-41 -1.607301489103571e-38 -8.6029437015669792e-36 -3.8248864094737021e-33 -1.4090950818541474e-30 -4.2896820425099444e-28 -1.0758468037277157e-25 -2.2153098258705653e-23 -3.7308351878797852e-21 -5.1164252936052861e-19 -5.6851406906717553e-17 -5.0887864476240798e-15 -3.6445477518997109e-13 -2.0717789212214486e-11 -9.2580094017532558e-10 -3.2137971416187952e-08 -8.5384098293839052e-07 -1.7029655587228275e-05 -0.00024839357421511769 -0.0025504880165665993 -0.017301708580639872 -0.068307027819695332 -0.11885480463661031 -0.026305461647218038 0.15278632665038827 -0.02006861543276996 6.7942442481157218e-05 -3.8085901007886273e-10 1.4610811343261086e-20 -2.4589093465817847e-39
0 0 0 0 1.2640499783155444e-61 7.2640566972715719e-56 3.3308545183429166e-50 1.20986267221565e-44 3.4463201063897431e-39 7.603598810824645e-34 1.2790494653452121e-28 1.6069603052441238e-23 1.4660139170378789e-18 9.3230352304105535e-14 3.8746638425832698e-09 9.3543922986102514e-05 0.98392753561773694 -4.7533428733023578e-05 1.3176776673046122e-09 -2.7946802691905604e-14 5.101767537858464e-19 -8.5507403277385107e-24 1.3705985803411682e-28 -2.1611009942447231e-33 3.4217889354991103e-38 -5.5269369709651201e-43 9.2207102784402852e-48 -1.6049373173048493e-52 2.9387995180471809e-57 -5.3479037544119187e-62 0 0 0 0 0 0 0 0 0 0 0 -4.861730685829017e-63 0 -4.861730685829017e-63 -9.7234613716580339e-63 0 -1.4585192057487051e-62 -1.4585192057487051e-62 -4.861730685829017e-63 -9.7234613716580339e-63 -1.4585192057487051e-62 -9.7234613716580339e-63 -8.4983052388291216e-60 -1.5796949260545818e-56 -2.4710244124874168e-53 -3.245829832312412e-50 -3.575095226861858e-47 -3.2966965748407742e-44 -2.5407234637489229e-41 -1.6334801842320254e-38 -8.743062917940468e-36 -3.8871836957423083e-33 -1.4320455130771125e-30 -4.3595496085545106e-28 -1.0933694986967421e-25 -2.251391351375272e-23 -3.7916005968189283e-21 -5.199758277638553e-19 -5.7777365227571339e-17 -5.1716692375364971e-15 -3.7039077226277953e-13 -2.105522669369407e-11 -9.408797609419291e-10 -3.2661412776125863e-08 -8.6774775490890222e-07 -1.730702264913992e-05 -0.00025243923010253227 -0.0025920284691720993 -0.017583505270568841 -0.069419554333187042 -0.12079058920764164 -0.026733837424102003 0.15527487930511238 -0.020395494012559395 6.9049102226221814e-05 -3.870625510389345e-10 1.4848797173645206e-20 -2.4989609319758595e-39
0 0 0 0 0 6.6119537327274631e-61 3.303823557225671e-55 1.3200486007592821e-49 4.1779854201765185e-44 1.0370101172786504e-38 1.9936230930838275e-33 2.92218441801369e-28 3.1990555054631563e-23 2.5430270688880841e-18 1.4091797188530766e-13 5.1031595822714522e-09 0.00010735360563409867 0.98392040220746291 -5.4550646655625319e-05 1.7354575536926984e-09 -4.2241677057959428e-14 8.8498129141719704e-19 -1.7022437915897191e-23 3.1313613484168027e-28 -5.6663465093964595e-33 1.029643243457066e-37 -1.908639657626351e-42 3.6543498848845409e-47 -7.2997948531693199e-52 1.5340170215689439e-56 -3.451828786938602e-61 0 0 0 0 0 0 0 0 0 0 -4.861730685829017e-63 0 -4.861730685829017e-63 -9.7234613716580339e-63 4.861730685829017e-63 -9.7234613716580339e-63 -1.4585192057487051e-62 -4.861730685829017e-63 -9.7234613716580339e-63 -1.4585192057487051e-62 -9.7234613716580339e-63 -8.6344336980323341e-60 -1.6054241771901262e-56 -2.5112717064285616e-53 -3.2986969183252396e-50 -3.6333252839449183e-47 -3.3503921566552585e-44 -2.5821059849015962e-41 -1.6600858044208673e-38 -8.8854672124403712e-36 -3.950496931584494e-33 -1.4553702216186455e-30 -4.4305565789379701e-28 -1.1111779544991634e-25 -2.288061295199888e-23 -3.8533569680843608e-21 -5.2844502539697346e-19 -5.8718424028086863e-17 -5.2559036728848835e-15 -3.7642357283487723e-13 -2.1398167047677524e-11 -9.5620448366598565e-10 -3.3193390260635767e-08 -8.818813130729927e-07 -1.7588912870972239e-05 -0.00025655085979432225 -0.0026342463249343917 -0.017869897126965795 -0.070550221637239049 -0.12275793508099971 -0.027169187439513621 0.15780402670122981 -0.020727705668604383 7.0173818957386275e-05 -3.9336731889240336e-10 1.5090666484154617e-20 -2.5396660902944454e-39
0 0 0 0 0 0 3.446967056252773e-60 1.5026404132391247e-54 5.2314818191090409e-49 1.4427738178972592e-43 3.1204038384711381e-38 5.2271778834486065e-33 6.6761822828699988e-28 6.3685212016238734e-23 4.4112733468051478e-18 2.1299795108384773e-13 6.7211582616035211e-09 0.00012320189736475155 0.9839122154381803 -6.2603746572542702e-05 2.2856967668000741e-09 -6.384841975558765e-14 1.5351389447612512e-18 -3.3887552718292858e-23 7.1541290364073651e-28 -1.485703609491547e-32 3.0982872022001983e-37 -6.5912097714430575e-42 1.4482986209384028e-46 -3.3202136702764095e-51 8.0074401139613264e-56 -2.0467886187340161e-60 0 0 0 0 0 0 0 0 0 -4.861730685829017e-63 0 -4.861730685829017e-63 -4.861730685829017e-63 4.861730685829017e-63 -9.7234613716580339e-63 -1.4585192057487051e-62 -4.861730685829017e-63 -9.7234613716580339e-63 -9.7234613716580339e-63 -9.7234613716580339e-63 -8.7754238879213756e-60 -1.6315739680299947e-56 -2.5521754968802714e-53 -3.3524263484316685e-50 -3.692505162954738e-47 -3.4049635955854619e-44 -2.6241635178587823e-41 -1.6871254023906926e-38 -9.0301943338594779e-36 -4.0148429000487741e-33 -1.4790753903263566e-30 -4.502721775793067e-28 -1.1292768916471323e-25 -2.325329377371817e-23 -3.9161206710721577e-21 -5.3705236710248146e-19 -5.9674832740177475e-17 -5.34151207988779e-15 -3.8255477584917613e-13 -2.1746701164726529e-11 -9.7177916974967835e-10 -3.3734044849117062e-08 -8.9624540273457444e-07 -1.7875400945737478e-05 -0.00026072955263332952 -0.0026771527672537925 -0.018160959993767708 -0.071699329012881605 -0.12475736236586181 -0.027611624951919204 0.16037444130902578 -0.021065338885245879 7.131689254421095e-05 -3.9977499567045256e-10 1.5336483824821534e-20 -2.5810356861172839e-39
0 0 0 0 0 0 0 1.7993265268253192e-59 6.8342987480433832e-54 2.0732904267076585e-48 4.9823031339456687e-43 9.3894273790088902e-38 1.3705406446963142e-32 1.5252782536900218e-27 1.2678143084241867e-22 7.6520371211911426e-18 3.2194704843358596e-13 8.8521532747813936e-09 0.00014138971456348823 0.98390281972579963 -7.1845629918348346e-05 3.0103917190932171e-09 -9.6507069540531078e-14 2.6629406728343273e-18 -6.7461985633889235e-23 1.6344856973959939e-27 -3.8954923584629355e-32 9.323052149919424e-37 -2.2761891192534006e-41 5.7399575390606374e-46 -1.5101657732384667e-50 4.179853850539902e-55 -1.2256423058974952e-59 0 0 0 0 0 0 0 0 -4.861730685829017e-63 0 -4.861730685829017e-63 -9.7234613716580339e-63 4.861730685829017e-63 -1.4585192057487051e-62 -1.4585192057487051e-62 -4.861730685829017e-63 -4.861730685829017e-63 -9.7234613716580339e-63 -9.7234613716580339e-63 -8.9164140778104171e-60 -1.6581491603048733e-56 -2.5937466502968019e-53 -3.4070323986084474e-50 -3.7526505879617404e-47 -3.4604253911435452e-44 -2.6669072371334494e-41 -1.7146061623938247e-38 -9.1772827349544321e-36 -4.0802386971437413e-33 -1.5031673173332721e-30 -4.5760643721811907e-28 -1.1476711186561231e-25 -2.3632054991077047e-23 -3.9799083802814586e-21 -5.4580013955814851e-19 -6.0646845443482179e-17 -5.4285172006986482e-15 -3.8878601003037021e-13 -2.2100921627891269e-11 -9.8760795619971521e-10 -3.4283520144335305e-08 -9.1084383885610776e-07 -1.8166562954740321e-05 -0.0002649764181910941 -0.0027207591869213973 -0.018456771118329739 -0.072867181256777339 -0.12678940066159419 -0.028061265011132295 0.16298680844441019 -0.021408483859907367 7.2478628706774229e-05 -4.0628729637977236e-10 1.5586315014483042e-20 -2.62308079775745e-39
0 0 0 0 0 0 0 0 9.3923775119530779e-59 3.1083765813002064e-53 8.2166782110477457e-48 1.7205317357495525e-42 2.8253221739414861e-37 3.5934949321906975e-32 3.4847397279689145e-27 2.523904735789772e-22 1.327364793299507e-17 4.8662391400802956e-13 1.1658791472181952e-08 0.00016226238305148901 0.98389203649358214 -8.2451762236214495e-05 3.9648535781569418e-09 -1.458707024899014e-13 4.6192931502645341e-18 -1.3430079037879318e-22 3.7342756045909161e-27 -1.0213952428016299e-31 2.8054098856264778e-36 -7.8605669252682667e-41 2.2748993911866391e-45 -6.8688953434180428e-50 2.1818908735475252e-54 -7.3421856817389814e-59 4.861730685829017e-63 0 0 0 0 0 0 -4.861730685829017e-63 0 -4.861730685829017e-63 -9.7234613716580339e-63 4.861730685829017e-63 -1.4585192057487051e-62 -9.7234613716580339e-63 -4.861730685829017e-63 -9.7234613716580339e-63 -9.7234613716580339e-63 -4.861730685829017e-63 -9.0622659983852876e-60 -1.685158991303065e-56 -2.6359962436453478e-53 -3.4625296160395954e-50 -3.8137775817375589e-47 -3.516792318266091e-44 -2.7103485294910173e-41 -1.7425354051341375e-38 -9.3267715987705844e-36 -4.1467017435382026e-33 -1.5276524203665762e-30 -4.6506039052039682e-28 -1.1663655353317792e-25 -2.4016997495779617e-23 -4.0447370866999658e-21 -5.5469067283725597e-19 -6.1634721038608823e-17 -5.516942208898723e-15 -3.9511893499333798e-13 -2.2460922775637597e-11 -1.0036950584348904e-09 -3.4841962469692021e-08 -9.2568050863635902e-07 -1.8462476418818723e-05 -0.00026929258701177331 -0.0027650771897048828 -0.018757409202308693 -0.074054088877930996 -0.12885458938217664 -0.028518224478579518 0.16564182679370182 -0.021757232576327751 7.3659339272084812e-05 -4.1290597046988461e-10 1.5840227197700887e-20 -2.6658127268741712e-39
0 0 0 0 0 0 0 0 0 4.9025692235899807e-58 1.4137551092943545e-52 3.2563661833949269e-47 5.9414981857896698e-42 8.5015379755783183e-37 9.4219913635204044e-32 7.9614476872556326e-27 5.0244735732734838e-22 2.3025213572914058e-17 7.3553343874802083e-13 1.5355286419321963e-08 0.0001862161893839286 0.98387966077028155 -9.4623501468607868e-05 5.2219295082455723e-09 -2.2048395313574269e-13 8.012901864574739e-18 -2.6736135380386226e-22 8.5316421037668014e-27 -2.6781000159471217e-31 8.441829241652889e-36 -2.7145763205341987e-40 9.0161078467661083e-45 -3.1243048823926985e-49 1.1389644318281628e-53 -4.3986022206969448e-58 1.4585192057487051e-62 0 0 0 0 0 -4.861730685829017e-63 0 -4.861730685829017e-63 -9.7234613716580339e-63 0 -1.4585192057487051e-62 -1.4585192057487051e-62 -4.861730685829017e-63 -9.7234613716580339e-63 -9.7234613716580339e-63 -9.7234613716580339e-63 -9.2081179189601581e-60 -1.7126097812744613e-56 -2.6789355653783885e-53 -3.5189328299794538e-50 -3.8759024777219598e-47 -3.574079438346394e-44 -2.7544990024495086e-41 -1.7709205932303602e-38 -9.4787008678744301e-36 -4.2142497975533636e-33 -1.5525372415320797e-30 -4.7263602905621757e-28 -1.1853651364194927e-25 -2.4408224134176094e-23 -4.1106241104452227e-21 -5.6372634214097675e-19 -6.2638723439470761e-17 -5.6068107266967924e-15 -4.0155524247358053e-13 -2.2826800771697885e-11 -1.0200447734023044e-09 -3.5409520977177075e-08 -9.4075937437088891e-07 -1.8763220355195096e-05 -0.00027367921143731029 -0.0028101186047597556 -0.019062954458049702 -0.075260368315427789 -0.13095347811423216 -0.02898262204638858 0.16834020899962285 -0.022111678886553427 7.4859342461566235e-05 -4.1963280347965844e-10 1.6098288908660653e-20 -2.7092430092658453e-39
0 0 0 0 0 0 0 0 0 4.861730685829017e-63 2.5589865316781606e-57 6.4300710001465054e-52 1.2905390029882445e-46 2.0517767308657191e-41 2.5581603707879263e-36 2.4704097671030455e-31 1.8189226867780804e-26 1.0002498993923935e-21 3.9940841310117491e-17 1.1117608220821438e-12 2.022376701447009e-08 0.0002137058977494923 0.9838654572837161 -0.00010859191668813357 6.8775621231059303e-09 -3.3326204951405407e-13 1.3899668058562643e-17 -5.3225457102758108e-22 1.9492164113401667e-26 -7.0220102745916369e-31 2.5402656417875202e-35 -9.3746118823886548e-40 3.573385668556009e-44 -1.4211004386545141e-48 5.9455669791197351e-53 -2.6351990219092162e-57 1.2640499783155444e-61 0 0 0 0 -4.861730685829017e-63 0 -4.861730685829017e-63 -9.7234613716580339e-63 4.861730685829017e-63 -1.4585192057487051e-62 -1.4585192057487051e-62 -4.861730685829017e-63 -4.861730685829017e-63 -1.4585192057487051e-62 -4.861730685829017e-63 -9.3588315702208576e-60 -1.7405088228150911e-56 -2.7225761295327073e-53 -3.5762571638788142e-50 -3.9390419333699413e-47 -3.6323021115389986e-44 -2.7993704937598317e-41 -1.7997693373092525e-38 -9.6331112769557925e-36 -4.282900969652449e-33 -1.5778284526500306e-30 -4.8033538387920497e-28 -1.2046750156743737e-25 -2.4805839791020752e-23 -4.1775871148612384e-21 -5.7290956973013601e-19 -6.3659121787751398e-17 -5.6981468441067549e-15 -4.0809665769908436e-13 -2.3198653682945448e-11 -1.0366614830512631e-09 -3.5986347767700163e-08 -9.5608447664015791e-07 -1.9068875340828085e-05 -0.00027813746652674201 -0.0028558954939969321 -0.019373488671347867 -0.076486342180523942 -0.13308662701394433 -0.029454578255019678 0.17108268231832055 -0.022471918603099848 7.6078963214626548e-05 -4.2646961889195775e-10 1.6360570143178332e-20 -2.7533834270340343e-39
0 0 0 0 0 0 0 0 0 0 4.861730685829017e-62 1.3357177227014871e-56 2.9245464391215405e-51 5.1145816163585508e-46 7.0854136121450967e-41 7.6976629564380644e-36 6.4773298163709852e-31 4.1556312324866655e-26 1.9912549075573957e-21 6.9283679375972657e-17 1.6804294188156213e-12 2.6635809006543657e-08 0.00024525337452234008 0.98384915597454026 -0.00012462216938001198 9.0581113521435516e-09 -5.0372637448768232e-13 2.4111231038707242e-17 -1.0595976283257277e-21 4.4533705382170703e-26 -1.8411878011643226e-30 7.6440651703936607e-35 -3.2374870651495162e-39 1.4162670465141592e-43 -6.4640054855251369e-48 3.1037251272729625e-52 -1.5787663354935885e-56 8.5566460070590698e-61 0 0 0 0 0 -4.861730685829017e-63 -9.7234613716580339e-63 4.861730685829017e-63 -1.4585192057487051e-62 -1.4585192057487051e-62 -4.861730685829017e-63 -9.7234613716580339e-63 -9.7234613716580339e-63 -9.7234613716580339e-63 -9.5144069521673862e-60 -1.7688629223479146e-56 -2.7669296830219872e-53 -3.6345180489554675e-50 -4.0032129451000077e-47 -3.691476010540198e-44 -2.8449750820231061e-41 -1.8290894028294983e-38 -9.7900443893392792e-36 -4.3526737386674843e-33 -1.6035328612305317e-30 -4.8816052734474872e-28 -1.2243003704189e-25 -2.5209951483263835e-23 -4.2456441223034183e-21 -5.8224282708826207e-19 -6.4696190693037951e-17 -5.7909751404196686e-15 -4.1474494092623857e-13 -2.3576581566576373e-11 -1.0535496582220827e-09 -3.6572598025781569e-08 -9.7165993787764555e-07 -1.9379523583304522e-05 -0.00028266855108469293 -0.0029024201625594058 -0.01968909527160213 -0.077732339526968827 -0.13525460724902497 -0.029934215509110788 0.17386998935887885 -0.022838049602929639 7.7318533554167747e-05 -4.3341828023022657e-10 1.6627142440131803e-20 -2.7982460223412722e-39
0 0 0 0 0 0 0 0 0 0 0 2.9656557183557003e-61 6.9720830300687674e-56 1.3301561335749894e-50 2.0269840542460256e-45 2.4468166913070583e-40 2.3162796926713116e-35 1.6983369370116033e-30 9.4942445783959499e-26 3.9641095942153268e-21 1.2018351450304785e-16 2.5399732771860469e-12 3.5080792395260303e-08 0.00028145748332933428 0.98383044684363696 -0.0001430185399404721 1.1929997372425832e-08 -7.6138351525769217e-13 4.182488378100387e-17 -2.109422064748618e-21 1.0174642171638834e-25 -4.8276632282646987e-30 2.3002376065028847e-34 -1.1180643787106324e-38 5.6132648696008714e-43 -2.9402554358839694e-47 1.6202465557313963e-51 -9.4587114516035976e-56 5.8875558605389395e-60 0 0 -4.861730685829017e-63 0 -4.861730685829017e-63 -9.7234613716580339e-63 4.861730685829017e-63 -9.7234613716580339e-63 -9.7234613716580339e-63 -4.861730685829017e-63 -9.7234613716580339e-63 -1.4585192057487051e-62 -9.7234613716580339e-63 -9.6651206034280857e-60 -1.7976813171612346e-56 -2.8120082202220033e-53 -3.6937312394605245e-50 -4.068432865101444e-47 -3.7516171360821304e-44 -2.8913250986281252e-41 -1.8588887177539655e-38 -9.9495426380343997e-36 -4.4235869700429218e-33 -1.6296574171915398e-30 -4.9611357515414282e-28 -1.2442465066667604e-25 -2.5620668465492693e-23 -4.3148135318835648e-21 -5.9172863735315915e-19 -6.5750210502756149e-17 -5.8853207083395431e-15 -4.2150188916620979e-13 -2.3960686568096415e-11 -1.0707138630165556e-09 -3.7168430170912254e-08 -9.8748996637910727e-07 -1.9695249000483817e-05 -0.0002872736888166064 -0.0029497051705861849 -0.020009859410547969 -0.078998696154082726 -0.1374580014929177 -0.030421658091145092 0.17670288891870065 -0.023210171945170194 7.8578393000871706e-05 -4.4048069343648684e-10 1.6898078973855763e-20 -2.843843113022908e-39
0 0 0 0 0 0 0 0 0 0 0 0 1.7599465082701041e-60 3.639251470533029e-55 6.0499009662743433e-50 8.0332627952644757e-45 8.4496544149000041e-40 6.9698629178702965e-35 4.4529995344118216e-30 2.1691249858959917e-25 7.8915981767692933e-21 2.084774619543478e-16 3.8391755785537647e-12 4.6203248459924504e-08 0.00032300543732870283 0.98380897403346912 -0.00016413019413649512 1.5712400314063085e-08 -1.1508326924732792e-12 7.2552196210805054e-17 -4.1993982034980092e-21 2.3246160181810601e-25 -1.265838868956827e-29 6.9218876203115277e-34 -3.8612702587465819e-38 2.2248042540227519e-42 -1.3374444640240941e-46 8.4583958730678326e-51 -5.6670509470851067e-55 4.0464184498154908e-59 -4.861730685829017e-63 -4.861730685829017e-63 0 -4.861730685829017e-63 -9.7234613716580339e-63 4.861730685829017e-63 -1.4585192057487051e-62 -1.4585192057487051e-62 -4.861730685829017e-63 -9.7234613716580339e-63 -1.4585192057487051e-62 -9.7234613716580339e-63 -9.8206959853746143e-60 -1.8269712998510801e-56 -2.85782399366643e-53 -3.7539128299035276e-50 -4.1347194203023767e-47 -3.8127418344186742e-44 -2.93843314122325e-41 -1.889175381208062e-38 -1.0111649372061123e-35 -4.4956599364235149e-33 -1.656209220439987e-30 -5.0419668866131294e-28 -1.2645188449047949e-25 -2.6038102348913032e-23 -4.385114139493087e-21 -6.0136957806058205e-19 -6.6821467606742249e-17 -5.9812091812151252e-15 -4.2836933813267957e-13 -2.4351073031866255e-11 -1.088158759728226e-09 -3.7774006028287426e-08 -1.0035788608245184e-06 -2.0016137310314323e-05 -0.00029195412963125764 -0.0029977633464721037 -0.020335868050958061 -0.080285754947885896 -0.13969740447964862 -0.03091703217248146 0.17958215693042379 -0.023588388004821961 7.9858889044265419e-05 -4.4765880957696061e-10 1.7173454659301336e-20 -2.8901873103576168e-39
0 0 0 0 0 0 0 0 0 0 0 0 0 1.0549955588248967e-59 1.8996058480012068e-54 2.7516657778190695e-49 3.1837228191614822e-44 2.9179505979642382e-39 2.0972913663439735e-34 1.1675689460433707e-29 4.9557523699948625e-25 1.5710314126068391e-20 3.6163763050034526e-16 5.8029222273696614e-12 6.0852045959101692e-08 0.00037068582268142656 0.98378432902859714 -0.00018835779809799137 2.0693985601965922e-08 -1.7394856293690064e-12 1.2585396854702332e-16 -8.3601073941969624e-21 5.3111105072886026e-25 -3.3191192206617382e-29 2.0829576351335084e-33 -1.3335180308212512e-37 8.8180962388555373e-42 -6.0837995042461428e-46 4.4157583028155854e-50 -3.3954310191007068e-54 2.7824170888068047e-58 -2.9170384114974102e-62 0 -4.861730685829017e-63 -9.7234613716580339e-63 4.861730685829017e-63 -1.4585192057487051e-62 -1.4585192057487051e-62 -4.861730685829017e-63 -9.7234613716580339e-63 -1.4585192057487051e-62 -9.7234613716580339e-63 -9.9859948286928008e-60 -1.8567396768404112e-56 -2.9043895296043793e-53 -3.8150792745557699e-50 -4.2020907338505233e-47 -3.8748668171275079e-44 -2.9863120889726357e-41 -1.9199576732847591e-38 -1.0276408908909985e-35 -4.5689123409681761e-33 -1.6831955294565752e-30 -5.1241207748489223e-28 -1.2851229266401873e-25 -2.6462367236074843e-23 -4.4565651604753429e-21 -6.1116828425082698e-19 -6.7910254782091393e-17 -6.0786667638717179e-15 -4.3534916444697917e-13 -2.4747847626249216e-11 -1.1058891144235859e-09 -3.8389491022066282e-08 -1.0199310153961236e-06 -2.0342276132476208e-05 -0.00029671115111450254 -0.0030466078018666428 -0.020667210066929887 -0.081593866266450835 -0.14197342362912047 -0.031420465821197431 0.18250858753864904 -0.023972802625085058 8.116037767990962e-05 -4.5495462792927707e-10 1.7453346272063501e-20 -2.9372915393523067e-39
0 0 0 0 0 0 0 0 0 0 0 0 0 0 6.3183051993033904e-59 9.9155567278171101e-54 1.2515411528272185e-48 1.2617705915554627e-43 1.0076706659325022e-38 6.3109507151375615e-34 3.0613548567826204e-29 1.1322324646068264e-24 3.1275585993074622e-20 6.2731901888820506e-16 8.7711283688575978e-12 8.0145169153469226e-08 0.0004254035384216891 0.98375604284309126 -0.00021616110622884682 2.7254930821231975e-08 -2.629235112733825e-12 2.1831515037744707e-16 -1.6643247088675185e-20 1.2134497052023772e-24 -8.7030340259667998e-29 6.2681730508756079e-33 -4.6054669920169653e-37 3.4951484075475505e-41 -2.7674750862002081e-45 2.3053374642907122e-49 -2.0344509323328006e-53 1.9133827287148679e-57 -1.9446922743316068e-61 -4.861730685829017e-63 -9.7234613716580339e-63 4.861730685829017e-63 -1.4585192057487051e-62 -1.4585192057487051e-62 -4.861730685829017e-63 -9.7234613716580339e-63 -1.4585192057487051e-62 -9.7234613716580339e-63 -1.0146431941325158e-59 -1.8869961715905995e-56 -2.9517176459888044e-53 -3.8772474096236761e-50 -4.2705653495185583e-47 -3.9380091836080408e-44 -3.0349751198892878e-41 -1.9512440661842709e-38 -1.0443866594142327e-35 -4.643364343836679e-33 -1.710623771048766e-30 -5.2076200247569672e-28 -1.3060644218383471e-25 -2.6893579873923804e-23 -4.529186255381341e-21 -6.211274519977201e-19 -6.9016871584883466e-17 -6.1777202676329997e-15 -4.4244328814280114e-13 -2.5151119485754161e-11 -1.1239098032808384e-09 -3.9015054394848332e-08 -1.0365509255902383e-06 -2.0673755103787762e-05 -0.00030154606020229565 -0.0030962519486963853 -0.021003976357655448 -0.082923388376701157 -0.14428667975431567 -0.031932089006095024 0.1854829943278804 -0.02436352329138141 8.2483224023652361e-05 -4.6237019951445195e-10 1.7737832585739407e-20 -2.9851690619580213e-39
0 0 0 0 0 0 0 0 0 0 0 0 0 0 0 3.7851490427590394e-58 5.1757489971737089e-53 5.6924198191588772e-48 5.0006643331547532e-43 3.4798557454415271e-38 1.8990330146745785e-33 8.0268703739354379e-29 2.5867993346265741e-24 6.2262538740115988e-20 1.0881873663605927e-15 1.3257575742119648e-11 1.055550295661572e-07 0.00048819693365148863 0.98372357704232816 -0.0002480676645056496 3.5895934278848174e-08 -3.9740919800661747e-12 3.7870543329055536e-16 -3.3133390554385671e-20 2.7724319782845436e-24 -2.2820356200359641e-28 1.8862830210679617e-32 -1.5905797453030745e-36 1.385368526790397e-40 -1.2589360657619242e-44 1.203586808575306e-48 -1.2190350603619985e-52 1.3158342165425836e-56 -1.5265834353503113e-60 -9.7234613716580339e-63 4.861730685829017e-63 -1.4585192057487051e-62 -1.4585192057487051e-62 -4.861730685829017e-63 -9.7234613716580339e-63 -1.4585192057487051e-62 -9.7234613716580339e-63 -1.0311730784643345e-59 -1.9177480766976738e-56 -2.9998214709510763e-53 -3.9404344784962565e-50 -4.3401622595159727e-47 -4.0021864467193892e-44 -3.0844357305871336e-41 -1.983043236908273e-38 -1.0614068869307089e-35 -4.7190365923719338e-33 -1.7385015514644238e-30 -5.2924877909815085e-28 -1.3273491373982145e-25 -2.733185982819693e-23 -4.6029975593166928e-21 -6.3124984242958266e-19 -7.0141624796507741e-17 -6.2783971502229851e-15 -4.4965367551982986e-13 -2.5561000372972593e-11 -1.1422258198109885e-09 -3.9650869457683166e-08 -1.0534431948370173e-06 -2.1010666009640725e-05 -0.0003064601950857725 -0.0031467095185439926 -0.021346259976889437 -0.084274687951104349 -0.14663780786381139 -0.032452033596096753 0.18850621172672463 -0.024760660330674276 8.3827803015757874e-05 -4.6990763114762508e-10 1.8026994529501424e-20 -3.0338335037045931e-39
0 0 0 0 0 0 0 0 0 0 0 0 0 0 0 1.4585192057487051e-62 2.267496606678596e-57 2.7016692280920906e-52 2.5891152955128501e-47 1.9818805550610237e-42 1.2017277692191844e-37 5.7144205722607381e-33 2.1046528687850314e-28 5.9100502906862396e-24 1.239507311085581e-19 1.8876407620738221e-15 2.0038845173064907e-11 1.3902081943976817e-07 0.000560257463823334 0.98368631342321278 -0.00028468279229536053 4.7276417775604528e-08 -6.0068433426582621e-12 6.5693136910010649e-16 -6.5962263850499312e-20 6.334365099838891e-24 -5.9838216978859742e-28 5.6764767227165694e-32 -5.4934509439258942e-36 5.4913009275850356e-40 -5.7271216944651608e-44 6.283998344547572e-48 -7.3047325438757055e-52 9.0494631167972255e-56 -1.2023059986055159e-59 4.861730685829017e-63 -1.4585192057487051e-62 -1.4585192057487051e-62 -4.861730685829017e-63 -9.7234613716580339e-63 -1.4585192057487051e-62 -9.7234613716580339e-63 -1.0481891358647361e-59 -1.9490046294499371e-56 -3.0487144632202526e-53 -4.0046581606164945e-50 -4.4109009362707086e-47 -4.067416562077647e-44 -3.1347077588521186e-41 -2.015364081765723e-38 -1.0787063349549295e-35 -4.7959502555889146e-33 -1.7668366690910986e-30 -5.3787478129410881e-28 -1.3489830268365175e-25 -2.777732968269157e-23 -4.6780197154735949e-21 -6.415382863235087e-19 -7.1284828933612752e-17 -6.3807255613548732e-15 -4.5698234240396649e-13 -2.5977604863581707e-11 -1.1608422831070845e-09 -4.0297113875659557e-08 -1.0706125420616991e-06 -2.1353102934112738e-05 -0.00031145492738672478 -0.0031979945847727775 -0.021694156280706235 -0.085648140634128872 -0.14902745807526052 -0.032980433354106248 0.1915790966176503 -0.02516432714030039 8.5194500229903233e-05 -4.7756909009415033e-10 1.8320915369260587e-20 -3.0832988843250088e-39
0 0 0 0 0 0 0 0 0 0 0 0 0 0 0 0 1.0695807508823837e-61 1.3583549131208442e-56 1.4102445692218286e-51 1.1776302034064903e-46 7.8547087267420099e-42 4.1500517617373315e-37 1.7195473337363781e-32 5.5184434429013409e-28 1.3502715059531825e-23 2.4675865357811075e-19 3.2744285822713302e-15 3.028873770343579e-11 1.8309647699375985e-07 0.0006429522345408142 0.98364354214967131 -0.00032670102941821514 6.2264837035380169e-08 -9.0793463326473873e-12 1.1395657499385626e-15 -1.313189356069691e-19 1.4472675096984182e-23 -1.569061704470012e-27 1.7082754687690855e-31 -1.8973361191398089e-35 2.1766917010412372e-39 -2.6054565027945791e-43 3.281049445084138e-47 -4.3773818903194678e-51 6.2240215588784946e-55 -9.4794024912294173e-59 0 -1.4585192057487051e-62 -4.861730685829017e-63 -9.7234613716580339e-63 -1.4585192057487051e-62 -9.7234613716580339e-63 -1.0652051932651376e-59 -1.980774580962624e-56 -3.0984104393487692e-53 -4.0699366045430598e-50 -4.4828013688411518e-47 -4.1337179616212952e-44 -3.1858054095013608e-41 -2.0482157329916915e-38 -1.0962898912522739e-35 -4.874127063686743e-33 -1.7956371290047511e-30 -5.4664244590932557e-28 -1.3709722013821036e-25 -2.823011526754561e-23 -4.7542739135440297e-21 -6.5199568936832881e-19 -7.2446806832264946e-17 -6.484734394952718e-15 -4.6443135788177738e-13 -2.6401050558249674e-11 -1.1797644472925988e-09 -4.0953969994990377e-08 -1.0880638103438598e-06 -2.1701162431861758e-05 -0.00031653166464840678 -0.003250121587853027 -0.022047763096582344 -0.087044131690036525 -0.15145629665818436 -0.033517423924234555 0.19470253018667646 -0.025574640451259813 8.6583712804634173e-05 -4.8535680943265028e-10 1.8619680916381528e-20 -3.1335796530395066e-39
0 0 0 0 0 0 0 0 0 0 0 0 0 0 0 0 0 7.2925960287435254e-61 8.1373693803670383e-56 7.3614009396410766e-51 5.3563631448417336e-46 3.1130489358231873e-41 1.433190331333051e-36 5.1743839491563444e-32 1.446954552853287e-27 3.0849827571812549e-23 4.9124356571084593e-19 5.680051606887245e-15 4.5781451479564203e-11 2.4114554890258604e-07 0.0007378498545959185 0.98359444810863039 -0.00037491926210488964 8.2004936119660429e-08 -1.3723431809610914e-11 1.9767868161342444e-15 -2.6143371869459356e-19 3.3067288632374438e-23 -4.1144076604516688e-27 5.1409695277419272e-31 -6.553207031216455e-35 8.6284362661750084e-39 -1.1853540979741924e-42 1.7132086094666131e-46 -2.6233112719041693e-50 4.2810455338197537e-54 -7.4841482177651887e-58 1.3612845920321247e-61 -9.7234613716580339e-63 -9.7234613716580339e-63 -9.7234613716580339e-63 -9.7234613716580339e-63 -1.0822212506655392e-59 -2.0130686270432432e-56 -3.1489236028828249e-53 -4.1362884659330659e-50 -4.5558841047312669e-47 -4.2011095921571537e-44 -3.2377432840791681e-41 -2.0816075778318841e-38 -1.1141625800493575e-35 -4.9535893534223204e-33 -1.8249111596765868e-30 -5.5555427777648258e-28 -1.393322942715683e-25 -2.8690345921370457e-23 -4.8317819338287708e-21 -6.6262503820784399e-19 -7.3627890318699508e-17 -6.5904533491126859e-15 -4.7200284858829122e-13 -2.6831458325931548e-11 -1.1989977123689982e-09 -4.1621625218515254e-08 -1.1058019768578183e-06 -2.2054943725434899e-05 -0.00032169185319424684 -0.0033031053644236776 -0.022407180917356259 -0.088463056745540544 -0.15392500722751851 -0.034063142811067169 0.19787742005324252 -0.025991720631757437 8.7995850517893947e-05 -4.9327309424412052e-10 1.8923379768591361e-20 -3.1846907292846156e-39
0 0 0 0 0 0 0 0 0 0 0 0 0 0 0 0 0 0 5.0075826064038875e-60 4.8748289661735501e-55 3.842650125753567e-50 2.4363245693422871e-45 1.2338022170922793e-40 4.9494575074484088e-36 1.5570628049377329e-31 3.7939856292812534e-27 7.0483318520729872e-23 9.7796366090961358e-19 9.8530278542182344e-15 6.9198682393905766e-11 3.1759781066480385e-07 0.00084675008076666772 0.98353809521493185 -0.00043025177218926998 1.0800299720509691e-07 -2.0742959777799261e-11 3.429110676384561e-15 -5.2047353957211587e-19 7.5553226310919726e-23 -1.0789005502974337e-26 1.5471821215994105e-30 -2.2634748213420301e-34 3.4204462810760677e-38 -5.3930165955115832e-42 8.9460552109046363e-46 -1.5722233927536868e-49 2.9448531564620245e-53 -5.9089377520952156e-57 1.2737734396872024e-60 -9.7234613716580339e-63 -9.7234613716580339e-63 -1.9446922743316068e-62 -1.1006958272716894e-59 -2.0458921155955493e-56 -3.2002685749912842e-53 -4.2037329512422223e-50 -4.6301702980163294e-47 -4.2696109597232927e-44 -3.2905364150342682e-41 -2.1155492805069208e-38 -1.1323295737849975e-35 -5.0343601203298006e-33 -1.8546672322004062e-30 -5.6461285556501605e-28 -1.4160417176312691e-25 -2.9158154792921223e-23 -4.9105661979985628e-21 -6.7342940739534087e-19 -7.4828420981201416e-17 -6.6979129951032834e-15 -4.7969900364104003e-13 -2.7268952583825355e-11 -1.218547636697362e-09 -4.2300272437747371e-08 -1.1238321643091864e-06 -2.2414548932255875e-05 -0.00032693698141617831 -0.0033569611807157161 -0.022772513124234915 -0.089905322643210328 -0.15643429211306667 -0.034617729349388948 0.20110470272754485 -0.026415692037803848 8.9431337028850051e-05 -5.013203287670356e-10 1.9232103588538886e-20 -3.236647549810079e-39
0 0 0 0 0 0 0 0 0 0 0 0 0 0 0 0 0 0 9.7234613716580339e-63 3.4401606332926124e-59 2.9203842253850136e-54 2.0058857413235941e-49 1.1081662792647005e-44 4.8900064676478139e-40 1.7092878438011324e-35 4.6855115384108723e-31 9.948081580900988e-27 1.6103571337368499e-22 1.9469290309163908e-18 1.7091804197178535e-14 1.0459380442615643e-10 4.1828721286174032e-07 0.00097171780621682223 0.98347340835071095 -0.00049374748883063385 1.4224273673127044e-07 -3.1352960179083164e-11 5.9484603209690434e-15 -1.0361889008756018e-18 1.7262861636393722e-22 -2.8291978396002782e-26 4.6563810290651518e-30 -7.8182836485480051e-34 1.3559737003024707e-37 -2.4537915608877722e-41 4.6717577181461217e-45 -9.4234962016246766e-49 2.0258987083615042e-52 -4.6658136349976164e-56 1.1551472109529744e-59 -2.9170384114974102e-62 -9.7234613716580339e-63 -1.1181980577406739e-59 -2.0792572009462566e-56 -3.2524604362765615e-53 -4.2722898681356339e-50 -4.7056817648428165e-47 -4.3392421807492681e-44 -3.3442003051334765e-41 -2.1500508075417037e-38 -1.15079620666142e-35 -5.1164630789396149e-33 -1.8849140824652206e-30 -5.7382083852696846e-28 -1.4391351949431513e-25 -2.9633679188966427e-23 -4.9906498276284135e-21 -6.8441196741293775e-19 -7.604875106015684e-17 -6.8071448569274833e-15 -4.8752208032922067e-13 -2.7713661620164192e-11 -1.2384199513893085e-09 -4.2990110530988277e-08 -1.1421596541195339e-06 -2.2780083326288322e-05 -0.00033226858356491095 -0.003411704771071273 -0.023143866243731347 -0.091371348424222912 -0.15898487393430635 -0.035181324662448915 0.20438534645082196 -0.026846683418867284 9.0890611315462869e-05 -5.0950098468281149e-10 1.9545947426411996e-20 -3.2894661232275893e-39
0 0 0 0 0 0 0 0 0 0 0 0 0 0 0 0 0 0 0 0 2.3652319786558168e-58 1.7495511615517414e-53 1.0470978100164288e-48 5.0405747466665363e-44 1.9381092037001399e-39 5.9030607783504994e-35 1.4099762537563943e-30 2.6084726332389329e-26 3.6792614419943411e-22 3.8759602687118737e-18 2.9648791163247111e-14 1.5809347405073243e-10 5.508969188845594e-07 0.0011151220232792382 0.98339915257466892 -0.00056660976181434071 1.8733660472903445e-07 -4.7389942458802922e-11 1.0318801179486972e-14 -2.0629225499212649e-18 3.9443796302616374e-22 -7.4191506842458297e-26 1.4014184680998572e-29 -2.700618482497892e-33 5.3757644190981437e-37 -1.1165268299373036e-40 2.4398355634938806e-44 -5.6486964585763955e-48 1.3938567257047619e-51 -3.6846949909823031e-55 1.0479946666373029e-58 -3.8893845486632136e-62 -1.1366726343468242e-59 -2.1131745789028742e-56 -3.3055147705301971e-53 -4.3419796837196665e-50 -4.7824410475529902e-47 -4.4100240411663853e-44 -3.3987509729998071e-41 -2.1851224570305146e-38 -1.1695679903009848e-35 -5.199922732353546e-33 -1.9156607367725727e-30 -5.8318097429079817e-28 -1.462610265019157e-25 -3.0117060976190527e-23 -5.0720567118228963e-21 -6.9557599393629628e-19 -7.7289244476308643e-17 -6.9181815032372789e-15 -4.9547441068598245e-13 -2.8165717967105326e-11 -1.2586205769308355e-09 -4.3691344938707463e-08 -1.1607899016553846e-06 -2.3151655640249864e-05 -0.00033768824412715989 -0.0034673523824211502 -0.023521350244274881 -0.092861566462320438 -0.16157749741512878 -0.035754071606454087 0.20772035448387585 -0.02728482838798409 9.2374129341284868e-05 -5.1781763072514258e-10 1.9865010094159043e-20 -3.3431630932876962e-39
0 0 0 0 0 0 0 0 0 0 0 0 0 0 0 0 0 0 0 0 1.9446922743316068e-62 1.6262002971029479e-57 1.0481422610021556e-52 5.4660659736298273e-48 2.2927743859787009e-43 7.6816180006360622e-39 2.0386581642986638e-34 4.2429808262971448e-30 6.8396992967900761e-26 8.4062455201374084e-22 7.7163260493669331e-18 5.143125103287014e-14 2.3895809771897944e-10 7.2554535888536307e-07 0.0012796804811912974 0.98331390917797223 -0.00065021902063233422 2.4672501608987508e-07 -7.1629775367773401e-11 1.7900112893735488e-14 -4.10706115183773e-18 9.0126329231086078e-22 -1.9456081354687976e-25 4.2179481898708566e-29 -9.3289658348960248e-33 2.1313399123048112e-36 -5.0807762164209822e-40 1.2743156821684802e-43 -3.3863242515916967e-47 9.5911751864247536e-51 -2.9103126543727888e-54 9.5032249715899794e-58 -1.1872346334794459e-59 -2.1476530005806364e-56 -3.3594477099469528e-53 -4.4128235919537319e-50 -4.8604714889035714e-47 -4.4819780648224275e-44 -3.4542050058184112e-41 -2.2207748925083435e-38 -1.1886506318671221e-35 -5.2847644527697057e-33 -1.946916541485364e-30 -5.9269610788166343e-28 -1.4864740623875705e-25 -3.0608447046333438e-23 -5.1548115854810142e-21 -7.0692487855682019e-19 -7.8550278020755324e-17 -7.0310566537044404e-15 -5.0355840909423975e-13 -2.8625258832247299e-11 -1.2791556424192857e-09 -4.4404188329341291e-08 -1.1797285538495468e-06 -2.3529378415278287e-05 -0.00034319760288970111 -0.0035239208257341862 -0.023905078879236361 -0.09437642377463705 -0.16421293147908325 -0.036336114698477508 0.21111076892063702 -0.027730265967400844 9.3882365990919855e-05 -5.2627294384110266e-10 2.0189394600200348e-20 -3.3977558123880766e-39
0 0 0 0 0 0 0 0 0 0 0 0 0 0 0 0 0 0 0 0 0 1.6529884331818658e-61 1.1181056848576431e-56 6.2794524400110804e-52 2.853448350028662e-47 1.0429167077367068e-42 3.0446239384906486e-38 7.0407257525925668e-34 1.2768370855426086e-29 1.7934615483284495e-25 1.920644140859692e-21 1.5361873605850643e-17 8.9217151284038166e-14 3.611847148260494e-10 9.5555796567930909e-07 0.0014685108613267455 0.98321604809460672 -0.00074615873473956359 3.2493869106425191e-07 -1.0826815678008581e-10 3.1051631406079701e-14 -8.1768176042616452e-18 2.0593623558792063e-21 -5.1023283302025107e-25 1.2695529737012027e-28 -3.2227378638359376e-32 8.450691620246869e-36 -2.3121967322315503e-39 6.6563347823806927e-43 -2.0302971241787525e-46 6.600651691222652e-50 -2.2990652747621205e-53 8.6061870427476675e-57 -2.1830532063964318e-56 -3.4142760051337335e-53 -4.4848435917899686e-50 -4.9397973181092302e-47 -4.5551265927961559e-44 -3.5105796204393073e-41 -2.2570191822181991e-38 -1.2080500550719694e-35 -5.3710145748347394e-33 -1.9786911973993624e-30 -6.0236919217844708e-28 -1.5107339919446388e-25 -3.1107989855407299e-23 -5.238940120024425e-21 -7.1846214121117208e-19 -7.9832242734416598e-17 -7.1458053023251858e-15 -5.1177658110313779e-13 -2.9092426598822067e-11 -1.3000315078611996e-09 -4.5128861371003196e-08 -1.1989814696246043e-06 -2.3913368406177106e-05 -0.00034879836080785152 -0.0035814275356316322 -0.024295170084306376 -0.095916383539600067 -0.16689197167283734 -0.036927600024354107 0.21455767511734486 -0.028183141222812323 9.5415817320673062e-05 -5.3486972217297496e-10 2.0519208655119076e-20 -3.4532624270875395e-39
0 0 0 0 0 0 0 0 0 0 0 0 0 0 0 0 0 0 0 0 0 0 1.2737734396872024e-60 7.6877604159261194e-56 3.7621183697126552e-51 1.4896142092080239e-46 4.744014562179746e-42 1.2067632042789648e-37 2.4316282243364419e-33 3.842428710082862e-29 4.702752376795154e-25 4.3882934572056849e-21 3.0583030618369913e-17 1.5476435992013402e-13 5.4592973097095405e-10 1.2584833970346359e-06 0.0016851894080913094 0.98310369609294224 -0.0008562451483111476 4.2794408413337121e-07 -1.6364683413091546e-10 5.3866098483534706e-14 -1.6279575576019348e-17 4.7056885543831578e-21 -1.3381199535084386e-24 3.8213693450771704e-28 -1.1133734185121747e-31 3.3509109818625933e-35 -1.0523455963680211e-38 3.4772923776257894e-42 -1.217444187760668e-45 4.5433099959392099e-49 -1.8165512649725909e-52 5.5984219302297277e-56 -3.4700207200249087e-53 -4.5580625779086935e-50 -5.0204437507503736e-47 -4.6294928754915029e-44 -3.5678927343250813e-41 -2.2938668447050148e-38 -1.2277724245685514e-35 -5.4587005040353958e-33 -2.010994799651835e-30 -6.1220330005528279e-28 -1.5353977593835586e-25 -3.1615848049764352e-23 -5.3244690287381186e-21 -7.3019144461249059e-19 -8.1135545509632925e-17 -7.2624638605782431e-15 -5.2013153366387812e-13 -2.9567369406400175e-11 -1.3212547900586347e-09 -4.5865593627357369e-08 -1.2185547436013889e-06 -2.4303747051814907e-05 -0.00035449228681690522 -0.0036398906395719742 -0.024691746438574469 -0.097481926857464249 -0.16961544297396708 -0.037528675122360224 0.21806220684422972 -0.028643606001622555 9.6975003179356544e-05 -5.4361090017859349e-10 2.0854565260725238e-20 -3.5097019777223986e-39
0 0 0 0 0 0 0 0 0 0 0 0 0 0 0 0 0 0 0 0 0 0 0 1.0083229442409381e-59 5.2860100333967666e-55 2.2539985222494902e-50 7.7765598989778439e-46 2.158001215260701e-41 4.7832052400011143e-37 8.398169797790763e-33 1.1563330463564013e-28 1.2331555813782815e-24 1.0026489938918252e-20 6.0886354223920372e-17 2.684695902456832e-13 8.2517083606726415e-10 1.6574316585315431e-06 0.0019338180844811724 0.98297470007949694 -0.00098256132821688148 5.6359819948055771e-07 -2.4735126962707663e-10 9.3443572460150509e-14 -3.2412185537338103e-17 1.075286788137932e-20 -3.5094361740482439e-24 1.150293309163818e-27 -3.8466685063286794e-31 1.328829622141055e-34 -4.7900134568905313e-38 1.8167802843885427e-41 -7.3013934187607597e-45 3.1278014574983758e-48 -1.435649159529408e-51 -3.4557693762071945e-53 -4.6325044841034807e-50 -5.1024371049539198e-47 -4.7051011797316694e-44 -3.6261630480539205e-41 -2.331329901835248e-38 -1.2478241743154737e-35 -5.5478508427420872e-33 -2.0438378841291729e-30 -6.222016385001967e-28 -1.560473406578225e-25 -3.2132187194101515e-23 -5.4114261892615508e-21 -7.4211661103096333e-19 -8.2460610952476427e-17 -7.3810703238840346e-15 -5.2862598703137022e-13 -3.0050241826088378e-11 -1.3428323927069296e-09 -4.6614624599208633e-08 -1.2384547336625575e-06 -2.4700641021983237e-05 -0.00036028122575007944 -0.0036993290382652927 -0.025094935700342741 -0.099073554795432811 -0.17238420304921626 -0.038139488837507091 0.2216255522861259 -0.029111819793488973 9.8560470264329761e-05 -5.5249956626652801e-10 2.1195583397171819e-20 -3.5670945146084853e-39
0 0 0 0 0 0 0 0 0 0 0 0 0 0 0 0 0 0 0 0 0 0 0 0 7.9557360942906034e-59 3.6347012503791638e-54 1.350475917108201e-49 4.0598747249378433e-45 9.8167564386172039e-41 1.8959452706876318e-36 2.9005543074210754e-32 3.4799087171646931e-28 3.2336290913317294e-24 2.2909064511207812e-20 1.2121685253953164e-16 4.6571584545042261e-13 1.2472419172648928e-09 2.1828360335002727e-06 0.0022191014689905237 0.98282658473250573 -0.0011274961375344046 7.4224740595824856e-07 -3.7386973160355244e-10 1.6210133287490107e-13 -6.4532872367711599e-17 2.4571845004677125e-20 -9.2044460376203189e-24 3.4627630500917334e-27 -1.329110042242212e-30 5.2700759219883346e-34 -2.1805526172043504e-37 9.4935162165161004e-41 -4.3796546069639275e-44 2.1537713566831018e-47 -1.1384587206161837e-50 -4.7075505780773759e-50 -5.185804937089851e-47 -4.7819769134784535e-44 -3.6854101414003508e-41 -2.3694209405417613e-38 -1.2682120406093547e-35 -5.638495536993591e-33 -2.0772314815108255e-30 -6.3236756505684484e-28 -1.5859693527887602e-25 -3.2657180619238519e-23 -5.4998407862310737e-21 -7.5424164183480045e-19 -8.3807883551385223e-17 -7.5016644654411836e-15 -5.3726278862309869e-13 -3.0541205646746855e-11 -1.3647715414404313e-09 -4.7376204937287867e-08 -1.2586880930452106e-06 -2.5104182854075776e-05 -0.00036616710755627983 -0.0037597624992778632 -0.025504871430709893 -0.10069179076691318 -0.17519914604123932 -0.038760191140046495 0.22524896104178307 -0.029587950734797488 0.00010017279568995906 -5.6153898339254067e-10 2.1542388825538211e-20 -3.6254612337750976e-39
0 0 0 0 0 0 0 0 0 0 0 0 0 0 0 0 0 0 0 0 0 0 0 0 1.9446922743316068e-62 6.2782445384521593e-58 2.499331958518058e-53 8.0915904518507221e-49 2.1195849683518896e-44 4.4657724309845634e-40 7.5152573841145921e-36 1.001815031473148e-31 1.047277373214215e-27 8.4794967731120624e-24 5.2344581327316041e-20 2.4132935544204248e-16 8.078839215209327e-13 1.8851989457206425e-09 2.8747729574711744e-06 0.0025464347767907777 0.98265650354812761 -0.0012937888294865935 9.7751580336124876e-07 -5.651009597225788e-10 2.8120786799112157e-13 -1.284879020045017e-16 5.6152022893603864e-20 -2.4142302011058553e-23 1.0424740741498396e-26 -4.592765232873134e-30 2.0903154068454954e-33 -9.9278611618687802e-37 4.9616361110469412e-40 -2.6276237805313268e-43 1.4834326205399009e-46 -1.3759111062399623e-49 -5.270570354109619e-47 -4.8601467712922182e-44 -3.7456545853904521e-41 -2.4081531848341571e-38 -1.2889431006089129e-35 -5.7306660476838774e-33 -2.1111871802973709e-30 -6.4270460699936383e-28 -1.6118944427163018e-25 -3.3191010410807276e-23 -5.5897434776297806e-21 -7.6657074027871555e-19 -8.5177830206171639e-17 -7.6242880622707403e-15 -5.4604492918049466e-13 -3.1040430791809665e-11 -1.3870798246988685e-09 -4.815059785642185e-08 -1.2792618077610422e-06 -2.5514511695419655e-05 -0.00037215195804668206 -0.0038212117661492692 -0.025921693720362182 -0.10233718330355067 -0.17806120697604061 -0.039390932900227132 0.2289337522997231 -0.030072176782796976 0.00010181259116026936 -5.707326131482644e-10 2.1895115026595934e-20 -3.6848246357355574e-39
0 0 0 0 0 0 0 0 0 0 0 0 0 0 0 0 0 0 0 0 0 0 0 0 0 1.1668153645989641e-61 4.9547744876944127e-57 1.7186830969608482e-52 4.8483819785948453e-48 1.106634126087357e-43 2.0316047514010338e-39 2.9790300167928385e-35 3.4602365811748471e-31 3.1518524221611548e-27 2.2236100254725844e-23 1.196032369156904e-19 4.8046530688191106e-16 1.4014553202088018e-12 2.8494647797284775e-09 3.7860163838867703e-06 0.0029220045745758645 0.9824611822213335 -0.0014845800489162542 1.2873430808741502e-06 -8.5414441216049785e-10 4.8783465237375523e-13 -2.5583109775994752e-16 1.2832443661602896e-19 -6.3326216430170665e-23 3.1386315341989211e-26 -1.58719504380258e-29 8.2920389103845828e-33 -4.5207773160403839e-36 2.5936238564081162e-39 -1.5768462813512657e-42 1.021974558650898e-45 -5.4277668879730995e-47 -4.9396388511250127e-44 -3.8069180731781536e-41 -2.4475405799037595e-38 -1.3100248173292346e-35 -5.8243955504990054e-33 -2.145717200423445e-30 -6.5321648372727828e-28 -1.63825800262729e-25 -3.3733868563955568e-23 -5.6811665890679621e-21 -7.7910833811837638e-19 -8.6570943181591018e-17 -7.7489851592041275e-15 -5.5497556164283711e-13 -3.1548096389963097e-11 -1.409765241450611e-09 -4.8938080786932648e-08 -1.3001832402920384e-06 -2.5931774170053309e-05 -0.00037823791144195697 -0.003883698685778278 -0.026345550037887147 -0.10401030928958467 -0.18097136690029753 -0.040031865609342937 0.23268132440234068 -0.030564687090048524 0.00010348050785518792 -5.8008414397520354e-10 2.2253904300460676e-20 -3.7452087114741544e-39
0 0 0 0 0 0 0 0 0 0 0 0 0 0 0 0 0 0 0 0 0 0 0 0 0 0 1.0598572895107257e-60 3.9104183403023842e-56 1.1819164624947078e-51 2.90521320008735e-47 5.7779602457327576e-43 9.2426817674983281e-39 1.1809208321741311e-34 1.1951914868686204e-30 9.4859721382085289e-27 5.8311891245313959e-23 2.7328889363659979e-19 9.5657571978876261e-16 2.4311527239694906e-12 4.3069413754525051e-09 4.9860589818403013e-06 0.0033529039667651978 0.98223685309098674 -0.0017034701309063145 1.6953507323729053e-06 -1.2910290716557245e-09 8.4629695314962306e-13 -5.0939629078032369e-16 2.9327302273591186e-19 -1.6611767765292376e-22 9.4504594709922872e-26 -5.485744614767685e-29 3.2898318666455555e-32 -2.0589663685853412e-35 1.3560829246980141e-38 -9.4652960142611702e-42 6.9891976431907936e-45 -5.021044849017826e-44 -3.8692235726486705e-41 -2.4875978905007679e-38 -1.3314650922710804e-35 -5.9197191697798671e-33 -2.1808344793610143e-30 -6.6390713296011587e-28 -1.6650699059997918e-25 -3.4285958333946409e-23 -5.774144341021156e-21 -7.9185912673937987e-19 -8.7987743561872575e-17 -7.875802377642278e-15 -5.6405802322170698e-13 -3.2064392027359095e-11 -1.4328362570060749e-09 -4.9738947305924867e-08 -1.3214601806898769e-06 -2.6356125392314014e-05 -0.00038442722504354994 -0.0039472463573560507 -0.026776596221390316 -0.10571177774117567 -0.1839306588781032 -0.040683141034538559 0.23649316605090329 -0.031065683615815329 0.00010517724216115913 -5.8959752426111818e-10 2.2618909056676739e-20 -3.8066391606487093e-39
0 0 0 0 0 0 0 0 0 0 0 0 0 0 0 0 0 0 0 0 0 0 0 0 0 0 0 9.5776094510831634e-60 3.086355961400503e-55 8.1282997657363163e-51 1.7409253428369907e-46 3.0169274769411122e-42 4.2050903547512032e-38 4.6814866415170426e-34 4.1284272908761333e-30 2.8550347071954364e-26 1.5292098130018504e-22 6.2446780033400468e-19 1.9045085446795384e-15 4.2174343147163394e-12 6.5098971827992469e-09 6.566405897529582e-06 0.0038472642622435389 0.98197917914705901 -0.0019545856993387115 2.2326403755722809e-06 -1.9513722749544963e-09 1.4681776896168454e-12 -1.014311372423363e-15 6.7028037900383334e-19 -4.3579252605617436e-22 2.8458286038299654e-25 -1.8962588083335748e-28 1.3054448955908137e-31 -9.379424228725919e-35 7.0921454790675146e-38 -5.6835080543033839e-41 -2.4647403501124653e-45 -3.9325999553720607e-41 -2.5283408161792217e-38 -1.3532723270760835e-35 -6.0166742524907736e-33 -2.2165527729881501e-30 -6.7478074142382324e-28 -1.6923406504261455e-25 -3.4847495818330177e-23 -5.8687131150276939e-21 -8.0482809362282348e-19 -8.942878529742598e-17 -8.0047892772368788e-15 -5.7329586125860256e-13 -3.2589519214404427e-11 -1.4563018683934522e-09 -5.0553509399380001e-08 -1.3431009064255449e-06 -2.6787730153924504e-05 -0.00039072229641493061 -0.0040118793067581825 -0.0272149976393905 -0.10744223422920411 -0.1869401750012139 -0.041344910791510411 0.2403708694539777 -0.031575383018301352 0.00010690354240300378 -5.9927700122723059e-10 2.2990293330193827e-20 -3.8691436480090295e-39
0 0 0 0 0 0 0 0 0 0 0 0 0 0 0 0 0 0 0 0 0 0 0 0 0 0 0 9.7234613716580339e-63 8.6713828512446346e-59 2.4360996960870222e-54 5.5903353646904246e-50 1.0432931685199807e-45 1.5753533259555912e-41 1.9132599393100142e-37 1.8559507229739637e-33 1.4260985708869182e-29 8.5932321136239708e-26 4.0104229813245975e-22 1.4269491079199188e-18 3.7918721786552898e-15 7.3162406497365461e-12 9.8396292147756808e-09 8.6475433305407018e-06 0.0044144053864497244 0.981683165818243 -0.0022426556921805855 2.9401606307929587e-06 -2.9494670899825926e-09 2.5470710278587933e-12 -2.0197698267245656e-15 1.5320249519465067e-18 -1.1433524935743081e-21 8.5706623580322882e-25 -6.5557904757965939e-28 5.1811598164263796e-31 -4.2737380060828758e-34 3.7102102998852812e-37 -3.414461694768887e-40 -3.9635638419115418e-41 -2.569786161781115e-38 -1.3754554958733469e-35 -6.1153006896942211e-33 -2.2528867739477051e-30 -6.8584178085772488e-28 -1.7200814478486053e-25 -3.541871181340925e-23 -5.9649117660322991e-21 -8.1802056513178392e-19 -9.0894659952936862e-17 -8.1359987802527951e-15 -5.8269286356324783e-13 -3.3123693106681364e-11 -1.4801716810591528e-09 -5.1382100116011401e-08 -1.3651142526009035e-06 -2.7226764316521165e-05 -0.00039712568353461879 -0.0040776236910750781 -0.02766093055205748 -0.1092023660632469 -0.19000107459652571 -0.042017325814896617 0.24431614578270847 -0.032094018880555797 0.00010866021676585392 -6.0912716670016824e-10 2.336823456594499e-20 -3.9327521052585019e-39
0 0 0 0 0 0 0 0 0 0 0 0 0 0 0 0 0 0 0 0 0 0 0 0 0 0 0 0 2.9170384114974102e-62 7.8559733806173919e-58 1.9229776974615379e-53 3.8450765456281493e-49 6.2525942286507226e-45 8.2265408207772859e-41 8.7055681122770882e-37 7.3582014553873193e-33 4.9264588054762683e-29 2.5865425600951534e-25 1.0517884759389222e-21 3.2607600467113014e-18 7.5497527013448709e-15 1.2692049245391411e-11 1.4872456146435887e-08 1.1388111085029404e-05 0.0050650075836772531 0.98134305841891212 -0.0025730980747446668 3.8718219997416923e-06 -4.4580631374026013e-09 4.4188688002035961e-12 -4.0220720484390319e-15 3.5019015424339935e-18 -3.000008822100842e-21 2.5815320030555643e-24 -2.2668773391223555e-27 2.0567994823675165e-30 -1.9478731164572634e-33 1.9416418052399746e-36 -2.0921651115804745e-39 -2.611720660748032e-38 -1.3980242305986444e-35 -6.2156412944257976e-33 -2.2898522507701191e-30 -6.9709505033800652e-28 -1.7483043306236863e-25 -3.5999853996334056e-23 -6.0627819895120627e-21 -8.3144225680155568e-19 -9.2386002288088715e-17 -8.2694876703384227e-15 -5.922530940707317e-13 -3.3667144527527745e-11 -1.5044559990104076e-09 -5.2225076686107689e-08 -1.3875096944583171e-06 -2.7673416447990676e-05 -0.00040364012847557261 -0.0041445075388989146 -0.02811458371007106 -0.1109929083778667 -0.19311459385053842 -0.042700535700460382 0.24833084337125938 -0.032621844333837656 0.00011044814263540504 -6.191530110914354e-10 2.3752925723681373e-20 -3.9974970871007062e-39
0 0 0 0 0 0 0 0 0 0 0 0 0 0 0 0 0 0 0 0 0 0 0 0 0 0 0 0 0 2.7225691840642495e-61 7.1175348302081942e-57 1.518056957354504e-52 2.6448766218609419e-48 3.7475369281232657e-44 4.2962211344339288e-40 3.9613973733080504e-36 2.9174462372750323e-32 1.7019375707529627e-28 7.78580165958245e-25 2.7585701184933176e-21 7.4514863719441034e-18 1.5032156367157493e-14 2.2018120986719088e-11 2.2479463247405037e-08 1.4996975080650725e-05 0.0058113072581358859 0.9809522227207832 -0.00295211864603789 5.0985956547026768e-06 -6.7382640473037025e-09 7.6663733273507315e-12 -8.0097299592508915e-15 8.0052557928608835e-18 -7.8725135848393391e-21 7.7769086507828155e-24 -7.8400381614201873e-27 8.1671109864720883e-30 -8.8808270616188317e-33 1.0165089760345074e-35 -3.8882897884864581e-38 -1.4209873235476292e-35 -6.3177422467211774e-33 -2.3274662117103565e-30 -7.0854572611924631e-28 -1.7770222764259044e-25 -3.6591189494761795e-23 -6.1623687538027296e-21 -8.4509933256047752e-19 -9.3903496829214187e-17 -8.4053171798486109e-15 -6.0198093482838864e-13 -3.4220122349598036e-11 -1.5291659309536587e-09 -5.3082824193670262e-08 -1.4102974445228642e-06 -2.8127889748870386e-05 -0.00041026858527942484 -0.004212561033137276 -0.028576160236001649 -0.1128146512910404 -0.19628205711451688 -0.043394687885660699 0.25241696919326673 -0.033159135155828343 0.00011226827763358705 -6.2935998719111275e-10 2.4144577765821616e-20 -4.0634141920925857e-39
0 0 0 0 0 0 0 0 0 0 0 0 0 0 0 0 0 0 0 0 0 0 0 0 0 0 0 0 0 0 2.8489741818958039e-60 6.4490663078294477e-56 1.1985100728754963e-51 1.8194667391993015e-47 2.2463019932125356e-43 2.2438332728109543e-39 1.802735722945997e-35 1.1568149445481369e-31 5.8800276775028306e-28 2.3437471579303347e-24 7.2353518009068471e-21 1.7028749696703239e-17 2.9930970978505907e-14 3.8197437087888749e-11 3.3977260634410112e-08 1.9749115039619768e-05 0.006667320127266914 0.98050300560819137 -0.0033868234944991506 6.7139062062907492e-06 -1.0184715381859306e-08 1.3300838304288419e-11 -1.5951777413081039e-14 1.8301421623403534e-17 -2.066142750712901e-20 2.3432204803117213e-23 -2.7121214731648352e-26 3.243948748886148e-29 -4.0504960862904343e-32 5.3215412630205578e-35 -1.4517807159978767e-35 -6.4216535083446821e-33 -2.3657470980852215e-30 -7.2019942044980696e-28 -1.8062493556387145e-25 -3.7193007919113048e-23 -6.2637208102472843e-21 -8.5899847460998596e-19 -9.5447885623655807e-17 -8.5435536828554476e-15 -6.1188113553700687e-13 -3.4782896304839533e-11 -1.5543135155217492e-09 -5.3955759908793007e-08 -1.4334885672041915e-06 -2.8590404324818295e-05 -0.00041701425283479423 -0.0042818168445462931 -0.029045879842518826 -0.1146684483399136 -0.19950489020799936 -0.044099926625235715 0.25657671426028766 -0.033706193438031801 0.00011412167268774977 -6.3975408573714364e-10 2.4543422604946609e-20 -4.1305425612747018e-39
0 0 0 0 0 0 0 0 0 0 0 0 0 0 0 0 0 0 0 0 0 0 0 0 0 0 0 0 0 0 0 2.9598216415327055e-59 5.8440148811589509e-55 9.4632664286984054e-51 1.2517765948641492e-46 1.3465806877058059e-42 1.1720180712684195e-38 8.2045154326956762e-35 4.5873221298447348e-31 2.0316371310739629e-27 7.0557870201416986e-24 1.8978343267712108e-20 3.8917127471622675e-17 5.959817411761292e-14 6.6266571577019248e-11 5.1355843809174995e-08 2.6006530571527171e-05 0.0076490952022917969 0.97998657215272478 -0.0038853468143464033 8.8407258607107489e-06 -1.5393902763921781e-08 2.3077027976954706e-11 -3.177072247323475e-14 4.1844535340381927e-17 -5.4234044783135683e-20 7.0616793375812495e-23 -9.3846214626310674e-26 1.2889288426140142e-28 -1.8482084139849105e-31 2.643384073968206e-34 -6.5278766434689615e-33 -2.4047150121737143e-30 -7.3206225113339537e-28 -1.8360009056733695e-25 -3.7805624948769716e-23 -6.3668912965315728e-21 -8.7314696606810128e-19 -9.7019977410275627e-17 -8.6842695147033326e-15 -6.2195887213681666e-13 -3.535576030738691e-11 -1.5799118693538934e-09 -5.4844338410420438e-08 -1.4570951142975763e-06 -2.9061199873281454e-05 -0.00042388061374383095 -0.0043523105259436088 -0.029523981453410925 -0.11655522644289237 -0.20278463610483935 -0.044816391705098463 0.26081248373240284 -0.034263351937981378 0.00011600948754811819 -6.5034192516760162e-10 2.4949716605024106e-20 -4.1989254705046993e-39
0 0 0 0 0 0 0 0 0 0 0 0 0 0 0 0 0 0 0 0 0 0 0 0 0 0 0 0 0 0 0 1.9446922743316068e-62 3.078350635653217e-58 5.2963928815778823e-54 7.4729669587716844e-50 8.6131128062624392e-46 8.0731857143872476e-42 6.1224291935699362e-38 3.7343637249813379e-34 1.8192570480312439e-30 7.0201858795473709e-27 2.1242790435661633e-23 4.978327259937086e-20 8.8944625511812206e-17 1.1867511389739226e-13 1.1496405276117328e-10 7.7622987015842334e-08 3.4245747085288091e-05 0.0087750034609085786 0.9793927146726229 -0.0044569959466793435 1.1640905088986023e-05 -2.326737898080856e-08 4.0040035106334241e-11 -6.3281407727992639e-14 9.5685019936471125e-17 -1.4238316124524713e-19 2.1286561963084324e-22 -3.2483256877838525e-25 5.1233875425565307e-28 -8.4376077424988174e-31 -5.1719985507384249e-33 -2.4443946828616815e-30 -7.4414092400057445e-28 -1.8662937376504601e-25 -3.8429386584001158e-23 -6.4719384520099366e-21 -8.8755278895132892e-19 -9.8620658491767263e-17 -8.8275439436287499e-15 -6.3221981626189333e-13 -3.593903639276173e-11 -1.605975362633137e-09 -5.5749057658670733e-08 -1.4811302855910208e-06 -2.9540538867673094e-05 -0.00043087148038014987 -0.0044240809792730788 -0.03001072630799647 -0.11847599769178083 -0.20612297346859842 -0.045544216819920089 0.26512693271305987 -0.034830979258791084 0.0001179330092653648 -6.6113085852865991e-10 2.5363744752577136e-20 -4.268611036168003e-39
0 0 0 0 0 0 0 0 0 0 0 0 0 0 0 0 0 0 0 0 0 0 0 0 0 0 0 0 0 0 0 0 1.7502230468984461e-61 3.2023733854487152e-57 4.8007781015570661e-53 5.9020865903414293e-49 5.9272282441712653e-45 4.8407549079573721e-41 3.1986436334857316e-37 1.6999241829698526e-33 7.2156312157991297e-30 2.4260076799274007e-26 6.3960789173410335e-23 1.3059877580766633e-19 2.032931515402995e-16 2.3632145059134172e-13 1.9945184187795142e-10 1.1732476385591688e-07 4.5093999398299249e-05 0.010066065422512762 0.97870962838548392 -0.0051124156516589112 1.532744238680327e-05 -3.5167783023950778e-08 6.947442496111196e-11 -1.2605530981411314e-13 2.1883086164193414e-16 -3.7387992353055759e-19 6.4183313099157115e-22 -1.1247584172210984e-24 2.0374492288849345e-27 -3.860872585257895e-30 -2.4771243339895204e-30 -7.5644284722124584e-28 -1.8971463821336612e-25 -3.9064674201218399e-23 -6.5789264681648668e-21 -9.0222474066431282e-19 -1.00250905660344e-16 -8.9734643258525998e-15 -6.4267021780719035e-13 -3.6533079400597201e-11 -1.6325198277470209e-09 -5.6670466212566816e-08 -1.505608619753128e-06 -3.002871034151726e-05 -0.00043799104961741889 -0.0044971710104800122 -0.030506401647886615 -0.12043187334640897 -0.20952173860737763 -0.046283527515490627 0.26952300893154446 -0.035409486032905987 0.00011989367426408667 -6.721291012331636e-10 2.5785825642290482e-20 -4.339653058729853e-39
0 0 0 0 0 0 0 0 0 0 0 0 0 0 0 0 0 0 0 0 0 0 0 0 0 0 0 0 0 0 0 0 0 2.1002676562781353e-60 3.3319171166110408e-56 4.3522622414481877e-52 4.6621659367364415e-48 4.079530153737242e-44 2.9029878604323521e-40 1.6713542480370398e-36 7.7392555688211615e-33 2.8622456220700936e-29 8.3846134923427294e-26 1.9260062778198128e-22 3.4263358912237402e-19 4.6467956650166671e-16 4.706152546305448e-13 3.4603799369789295e-10 1.7733226437813398e-07 5.9376822213328999e-05 0.011546322157546286 0.97792364706881252 -0.0058637737364791061 2.0180615124338425e-05 -5.3154649460981627e-08 1.2055189303385579e-10 -2.5112382488081413e-13 5.0054385469112826e-16 -9.8198870890401993e-19 1.9358737621256084e-21 -3.8962005306632311e-24 8.1068162827878279e-27 -2.0143147044029988e-29 -7.6893584155575647e-28 -1.9285793831850098e-25 -3.971191058200976e-23 -6.6879265028695505e-21 -9.1717257292299345e-19 -1.0191180161226254e-16 -9.1221274830448897e-15 -6.5331700338753773e-13 -3.7138282558431102e-11 -1.6595628080868496e-09 -5.7609171835641606e-08 -1.5305462219073909e-06 -3.0526034399362304e-05 -0.00044524396805875632 -0.0045716279906953261 -0.031011325108376755 -0.12242408049123903 -0.21298295154818631 -0.047034438563806263 0.27400400381303364 -0.035999332331029116 0.0001218930948075405 -6.833458842951838e-10 2.6216317458000978e-20 -4.4121120347676251e-39
0 0 0 0 0 0 0 0 0 0 0 0 0 0 0 0 0 0 0 0 0 0 0 0 0 0 0 0 0 0 0 0 0 0 2.5076806877506069e-59 3.4673847693794354e-55 3.9464020550897762e-51 3.6834097373238986e-47 2.8083145456153406e-43 1.7412093781613082e-39 8.7345573382405418e-36 3.5239855663057919e-32 1.1355328999981241e-28 2.8982005706102785e-25 5.8002881234103864e-22 8.9900334987364067e-19 1.0622248644150269e-15 9.3724089484493294e-13 6.003725335542411e-10 2.6803063595654607e-07 7.8180630594266569e-05 0.013243254530168816 0.9770189306461412 -0.0067249702394314072 2.6569180770880021e-05 -8.0340814601623512e-08 2.0919185584904206e-10 -5.0033773196577444e-13 1.1451327360617102e-15 -2.5798715068838904e-18 5.8410757668167092e-21 -1.3503170721613766e-23 3.2274040266885191e-26 -8.6234205570058625e-28 -1.9606135241787399e-25 -4.037156712918253e-23 -6.7990178942146061e-21 -9.3240715800798651e-19 -1.0360455339431703e-16 -9.2736413506770086e-15 -6.641678941547089e-13 -3.7755084163020257e-11 -1.6871238557326998e-09 -5.8565851791694034e-08 -1.5559610358772053e-06 -3.1032867612477647e-05 -0.00045263541004681969 -0.0046475046467608092 -0.031525849966583801 -0.12445398192458774 -0.21650884709591484 -0.047797050593265882 0.27857361381983542 -0.036601036574446244 0.0001239330908562983 -6.9479163887576963e-10 2.6655625177432072e-20 -4.4860563761555363e-39
0 0 0 0 0 0 0 0 0 0 0 0 0 0 0 0 0 0 0 0 0 0 0 0 0 0 0 0 0 0 0 0 0 0 1.9446922743316068e-62 2.994923337084391e-58 3.6091756182482034e-54 3.5791755658015763e-50 2.9107482242424316e-46 1.9336156549959568e-42 1.0445797719246842e-38 4.5655555357121047e-35 1.6048863713558699e-31 4.5056969755402419e-28 1.0019283608951224e-24 1.7470155513815094e-21 2.3590625885074871e-18 2.4283784372307903e-15 1.8666475542798144e-12 1.0416719113877386e-09 4.0511618545155225e-07 0.00010293499248566872 0.015188255644468357 0.97597709473165795 -0.0077118723757010127 3.4978233578686283e-05 -1.2143109753428274e-07 3.6302861356972419e-10 -9.9700005252986013e-13 2.620371336910475e-15 -6.77994582099181e-18 1.7631783670782631e-20 -4.682504555469099e-23 1.2780631623192028e-25 -1.9969710791920625e-25 -4.1044171417047529e-23 -6.9122896188491307e-21 -9.4794068850230561e-19 -1.0533051456486729e-16 -9.4281269582272578e-15 -6.7523154732780437e-13 -3.8383975606001578e-11 -1.7152248890128084e-09 -5.9541265210375917e-08 -1.5818731711285138e-06 -3.1549609497720563e-05 -0.00046017117131592715 -0.0047248600099857041 -0.032050371436956132 -0.1265230999942337 -0.22010191195296985 -0.048571445733183678 0.28323601444834118 -0.037215186303938025 0.00012601572859537391 -7.0647821956311934e-10 2.7104209291294495e-20 -4.5615638856235312e-39
0 0 0 0 0 0 0 0 0 0 0 0 0 0 0 0 0 0 0 0 0 0 0 0 0 0 0 0 0 0 0 0 0 0 0 2.8198037977808298e-61 3.5787491282228544e-57 3.7577427979088789e-53 3.2469423771158736e-49 2.300729711836079e-45 1.3316708263958853e-41 6.2680145626555416e-38 2.3869260499844867e-34 7.3104009370901983e-31 1.7881515087304435e-27 3.4643151618394014e-24 5.2626905312909804e-21 6.1911543414817989e-18 5.5521226485871662e-15 3.7179484002161391e-12 1.8074085257106263e-09 6.1231248695777237e-07 0.00013552076023219195 0.017417161476987988 0.97477676978253114 -0.0088425773464233873 4.6045792882102886e-05 -1.8353648483649781e-07 6.3003790065456558e-10 -1.9869786060531701e-12 5.9976173181867483e-15 -1.7824354845664415e-17 5.3249915624533231e-20 -1.6248490707952468e-22 3.1017288986025987e-25 -4.173201480260778e-23 -7.0278420458901253e-21 -9.637869183121319e-19 -1.0709121193431143e-16 -9.5857208184865598e-15 -6.8651772695481851e-13 -3.9025511056581312e-11 -1.7438906238561234e-09 -6.0536268003454663e-08 -1.6083052971059854e-06 -3.2076710330696894e-05 -0.00046785778190674277 -0.0048037605596681406 -0.032585334254971406 -0.12863314527927591 -0.22376492924796407 -0.049357681943494387 0.28799594992696304 -0.037842451257663418 0.00012814336726465076 -7.1841917591641917e-10 2.7562596409982088e-20 -4.6387235519112656e-39
0 0 0 0 0 0 0 0 0 0 0 0 0 0 0 0 0 0 0 0 0 0 0 0 0 0 0 0 0 0 0 0 0 0 0 0 3.8602141645482395e-60 4.2776831997712798e-56 3.9135996090121604e-52 2.9464077742558254e-48 1.8190689788182796e-44 9.1736380951058544e-41 3.7621069026874435e-37 1.2482199251452239e-33 3.3307203795315558e-30 7.0980499964888957e-27 1.1980689336786917e-23 1.5855963899257315e-20 1.6250481128145622e-17 1.2695541294595569e-14 7.4059211227423626e-12 3.1361688624196582e-09 9.2547544912389726e-07 0.00017841214419716625 0.019970844444018653 0.97339307448019619 -0.010137704843277539 6.0610840095829264e-05 -2.7740474655747515e-07 1.0935219020453992e-09 -3.9606692372502148e-12 1.373162954680757e-14 -4.6880050695624431e-17 1.6091576603992307e-19 -5.6447268427393004e-22 -4.0383549940093638e-23 -7.1457968644957411e-21 -9.7996145491067405e-19 -1.0888837799078761e-16 -9.7465778247164245e-15 -6.9803751095875189e-13 -3.9680319200900802e-11 -1.773149096725609e-09 -6.1551830946144047e-08 -1.6352831211810797e-06 -3.2614680613915958e-05 -0.00047570264296518684 -0.0048842816079866852 -0.033131241855889143 -0.1307860512624108 -0.22750103217655523 -0.050155785575843222 0.29285884254106981 -0.038483599343044843 0.00013031871640995697 -7.3063008462558451e-10 2.8031392241869594e-20 -4.7176377465136421e-39
0 0 0 0 0 0 0 0 0 0 0 0 0 0 0 0 0 0 0 0 0 0 0 0 0 0 0 0 0 0 0 0 0 0 0 0 0 5.2963694091421311e-59 5.1149310784661979e-55 4.077331483373301e-51 2.6745902621098313e-47 1.4387130383989053e-43 6.3215336708982352e-40 2.2587199412846454e-36 6.529298912525359e-33 1.5179263320707821e-29 2.8182565467488258e-26 4.1442211023036774e-23 4.778182472475351e-20 4.266119717320873e-17 2.9033588074028267e-14 1.475350016005839e-11 5.4420590326408735e-09 1.3987976317161272e-06 0.00023486331529196832 0.022895874045309711 0.97179698409916349 -0.011620720567696911 7.9776356848652004e-05 -4.1928053363121362e-07 1.8981460277374832e-09 -7.8965033130184682e-12 3.1449584879700801e-14 -1.2336202871992278e-16 4.8660919375697181e-19 -2.0045158934438829e-21 -7.2580791227070962e-21 -9.9648215158670341e-19 -1.1072399043846774e-16 -9.9108747831339022e-15 -7.0980354357222149e-13 -4.0349117553853645e-11 -1.8030323020850612e-09 -6.2589061716154699e-08 -1.6628359711308752e-06 -3.3164102613453958e-05 -0.00048371419338204264 -0.0049665089862855321 -0.033688667543307772 -0.13298401646097233 -0.23131376892424538 -0.050965741534493673 0.29783092669844557 -0.039139516267127528 0.00013254490632589252 -7.4312895846733019e-10 2.8511297577510252e-20 -4.798424929490473e-39
0 0 0 0 0 0 0 0 0 0 0 0 0 0 0 0 0 0 0 0 0 0 0 0 0 0 0 0 0 0 0 0 0 0 0 0 0 6.8064229601606237e-62 7.2716905867944607e-58 6.1185521554497184e-54 4.2496103953991052e-50 2.4287922254575657e-46 1.1383151024550951e-42 4.3577319495140818e-39 1.35657537445652e-35 3.4165236700005617e-32 6.9198510153121764e-29 1.1192971183715801e-25 1.4338901290053926e-22 1.4402288210498484e-19 1.1201688999044691e-16 6.6407430326071137e-14 2.9393942921851694e-11 9.4438975174570054e-09 2.1141853774420506e-06 0.0003091533906791532 0.026245247568934173 0.96995456967259663 -0.01331829121534875 0.00010499200370759062 -6.33717083159219e-07 3.295192231605689e-09 -1.5747373780011814e-11 7.2058263565752198e-14 -3.2481285710005075e-16 1.472672677629075e-18 -1.4214521243858522e-20 -1.0133366202131411e-18 -1.1260032087624891e-16 -1.0078814747005342e-14 -7.2183034503483895e-13 -4.1032730015990518e-11 -1.8335769743280128e-09 -6.364923192381305e-08 -1.6909975094117293e-06 -3.3725644502880101e-05 -0.00049190211402992234 -0.0050505411108586118 -0.034258268160536037 -0.13522955592006533 -0.23520718166149138 -0.051787480149239944 0.30291941446930765 -0.039811229835594847 0.00013482557535813788 -7.5593675349306159e-10 2.9003128120434244e-20 -4.8812230068056103e-39
0 0 0 0 0 0 0 0 0 0 0 0 0 0 0 0 0 0 0 0 0 0 0 0 0 0 0 0 0 0 0 0 0 0 0 0 0 0 1.1279215191123319e-60 9.9881728840400522e-57 7.322557544790774e-53 4.4312127866971976e-49 2.2065734296813393e-45 9.0103059158489474e-42 3.0052477174477508e-38 8.1507810635592738e-35 1.7884098308772491e-31 3.1557113450314068e-28 4.4468559131117458e-25 4.9627037666563948e-22 4.3422479865440093e-19 2.9419211003353696e-16 1.5191821874927864e-13 5.8569986920009499e-11 1.6389574193353147e-08 3.1954314780428391e-06 0.00040690791505354669 0.030079191884224258 0.96782607739317728 -0.015260669995784289 0.00013816249087388139 -9.5782667452959734e-07 5.721241203142084e-09 -3.1412905618109008e-11 1.6518124963126097e-13 -8.5583601819360777e-16 4.4539848134731371e-18 -1.0544276227596205e-18 -1.1451986263734419e-16 -1.0250632372494467e-14 -7.3413469421755607e-13 -4.1732108562712853e-11 -1.8648255536375287e-09 -6.4733810495702436e-08 -1.7198066151650151e-06 -3.4300077824322094e-05 -0.00050027757981254003 -0.0051364915310081151 -0.034840800938898603 -0.13752556456191012 -0.23918590323598546 -0.052620859498684669 0.308132701575279 -0.040499940271517119 0.00013716497897900022 -7.6907800319369438e-10 2.9507839292484234e-20 -4.9661935303645578e-39
0 0 0 0 0 0 0 0 0 0 0 0 0 0 0 0 0 0 0 0 0 0 0 0 0 0 0 0 0 0 0 0 0 0 0 0 0 0 0 1.7784210848762544e-59 1.3727099508476641e-55 8.7682764216517309e-52 4.6230419237391264e-48 2.0057271111081459e-44 7.135672247351647e-41 2.0735298645518156e-37 4.8995437353700954e-34 9.3657032893366866e-31 1.4397156639358294e-27 1.7673649162672712e-24 1.7181893380302774e-21 1.3095752652039214e-18 7.7284298857128761e-16 3.4761051605368571e-13 1.1672288545856287e-10 2.8445755189496633e-08 4.829636337977661e-06 0.00053552049009308411 0.03446603423716818 0.96536480944647007 -0.017482109642174823 0.00018178952239520822 -1.4477067395987991e-06 9.935040644523864e-09 -6.2684273908843025e-11 3.7886525637557627e-13 -2.2569021030345326e-15 1.2483192166175486e-17 -1.1656905207189925e-16 -1.0426600056539109e-14 -7.4673610509662011e-13 -4.244836025041102e-11 -1.8968273884689306e-09 -6.5844505230326002e-08 -1.7493084819069657e-06 -3.4888299213497717e-05 -0.00050885357314313904 -0.0052244920962611864 -0.035437144419486678 -0.13987539569834059 -0.24325527632279564 -0.053465641369664169 0.3134806259425359 -0.041207058384571255 0.00013956812730615804 -7.8258161869874582e-10 3.0026557547044114e-20 -5.0535270006729229e-39
0 0 0 0 0 0 0 0 0 0 0 0 0 0 0 0 0 0 0 0 0 0 0 0 0 0 0 0 0 0 0 0 0 0 0 0 0 0 0 2.9170384114974102e-62 2.8076494710662573e-58 1.8877825079117255e-54 1.0506072041008262e-50 4.8261559758315584e-47 1.8242584356070464e-43 5.6543556660490478e-40 1.4314754734915614e-36 2.9467624664942371e-33 4.9072126245107817e-30 6.5714882830321258e-27 7.0273483173825385e-24 5.9511119815800011e-21 3.9509413896819332e-18 2.030872908614429e-15 7.955743018714232e-13 2.3265442923517671e-10 4.9374951439981925e-08 7.2995860562770439e-06 0.00070470539947712718 0.039483135195945269 0.96251575675219048 -0.020021296702606422 0.00023915756225666328 -2.1881568033299369e-06 1.7255725113113465e-08 -1.2513790954435231e-10 8.6956841041232154e-13 -5.958600055753136e-15 -7.7404335955132305e-17 -1.0607329113519252e-14 -7.5965742324009393e-13 -4.3182781142609811e-11 -1.9296402459430468e-09 -6.6983314985452596e-08 -1.7795559957407579e-06 -3.5491357668408992e-05 -0.00051764527724482742 -0.0053146969274651332 -0.036048324656231319 -0.14228295914740349 -0.24742150135911326 -0.0543214582099057 0.31897479540451884 -0.041934254106736776 0.00014204096024797593 -7.964819088398747e-10 3.056062030459078e-20 -5.1434496305947078e-39
0 0 0 0 0 0 0 0 0 0 0 0 0 0 0 0 0 0 0 0 0 0 0 0 0 0 0 0 0 0 0 0 0 0 0 0 0 0 0 0 6.2230152778611417e-61 4.4349776896883175e-57 2.5980652930914282e-53 1.2597516190805178e-49 5.0418035509588691e-46 1.6603651329886822e-42 4.483577280952427e-39 9.8887220269213518e-36 1.7733936866429919e-32 2.5726822059498056e-29 3.0011789032827305e-26 2.7956322432083805e-23 2.0621876797835455e-20 1.1924781077502556e-17 5.3385988559613349e-15 1.8213402486597337e-12 4.6382479238706348e-10 8.5712192530525999e-08 1.1032694826787148e-05 0.00092722140065695704 0.045217869766816014 0.95921392004521289 -0.022921796245945605 0.00031457672384775068 -3.3073748882252771e-06 2.9977736689352444e-08 -2.4993972546150049e-10 1.9974539266192981e-12 -1.5865651428083656e-14 -1.0667292475861667e-14 -7.7292661290129375e-13 -4.393689934830704e-11 -1.9633322280028939e-09 -6.8152595872504169e-08 -1.8106114830367171e-06 -3.6110489116390746e-05 -0.00052667057447592421 -0.0054072874446226618 -0.036675548350888168 -0.14475284500118027 -0.25169182177983584 -0.055187767168224357 0.32462900760707963 -0.042683518905842266 0.000144590573116163 -8.108198954273991e-10 3.1111627471832564e-20 -5.2362320723444918e-39
0 0 0 0 0 0 0 0 0 0 0 0 0 0 0 0 0 0 0 0 0 0 0 0 0 0 0 0 0 0 0 0 0 0 0 0 0 0 0 0 0 1.1395896727583216e-59 7.0116774509472275e-56 3.5787001284922603e-52 1.5118166316550136e-48 5.2714690579305096e-45 1.5124201441837308e-41 3.5580084368149379e-38 6.8363600522993774e-35 1.0680209063039164e-31 1.3496965509794526e-28 1.3715155279686904e-25 1.1128297778577663e-22 7.1498167202036796e-20 3.6008914683542602e-17 1.4039473463442926e-14 4.1710463541861147e-12 9.249098229831579e-10 1.4881068931717271e-07 1.6674992595062181e-05 0.0012198189085319243 0.051768632209519154 0.95538223717747195 -0.026232489323607437 0.00041370001239749284 -4.9991925666927974e-06 5.2094173866596267e-08 -4.9950888793389813e-10 4.5926915810209491e-12 -5.2656207795005741e-14 -7.861914598202912e-13 -4.4712533875904331e-11 -1.9979842297588109e-09 -6.9355146163739491e-08 -1.8425489515386034e-06 -3.6747160723687444e-05 -0.00053595068476160353 -0.005502478803050566 -0.037320245210632881 -0.14729048140459552 -0.2560747581775728 -0.056063785358031346 0.33045979469554837 -0.043457247060560159 0.00014722551096628991 -8.2564503100851559e-10 3.1681508762548024e-20 -5.3322008230913081e-39
0 0 0 0 0 0 0 0 0 0 0 0 0 0 0 0 0 0 0 0 0 0 0 0 0 0 0 0 0 0 0 0 0 0 0 0 0 0 0 0 0 1.9446922743316068e-62 2.0707083337082949e-58 1.1096803736433311e-54 4.9344537426224968e-51 1.8161144397789534e-47 5.5169311691546294e-44 1.3789561496275036e-40 2.8260899384317245e-37 4.7303387924754799e-34 6.437553658405904e-31 7.0865424509050613e-28 6.2724475710827926e-25 4.4328310264557854e-22 2.4804943955514462e-19 1.0879657035101833e-16 3.6938924780713654e-14 9.5558166257123883e-12 1.8448722510488321e-09 2.5839979959931959e-07 2.5202989744075749e-05 0.0016044783389303201 0.059245824796035955 0.95092900974751737 -0.030007975684208033 0.00054393719091564102 -7.5567320573789157e-06 9.0559311941265972e-08 -9.9901113342197559e-10 1.0561956617716636e-11 -9.1113336120891455e-13 -4.5510683512139958e-11 -2.0336931465043438e-09 -7.0594316587491502e-08 -1.8754570006674685e-06 -3.7403128411499452e-05 -0.00054551099381140342 -0.0056005282351565544 -0.037984122761695285 -0.14990233809532055 -0.26058040749313743 -0.056948397382015015 0.3364871396756724 -0.044258343001810009 0.00014995615812023793 -8.4101747468484778e-10 3.2272612941428729e-20 -5.4317533475110827e-39
0 0 0 0 0 0 0 0 0 0 0 0 0 0 0 0 0 0 0 0 0 0 0 0 0 0 0 0 0 0 0 0 0 0 0 0 0 0 0 0 0 -9.7234613716580339e-63 6.7091883464440434e-61 3.7659257596272715e-57 1.7583027775444942e-53 6.8118302202589397e-50 2.1841795843004577e-46 5.7803389785467519e-43 1.2586518829988751e-39 2.2471279834224228e-36 3.2764693771866762e-33 3.8840966197367357e-30 3.7242571137997186e-27 2.8711531926738204e-24 1.7672143429219691e-21 8.6120362141170281e-19 3.2893393270030405e-16 9.7244409473136827e-14 2.1902309217371602e-11 3.6810979157565923e-09 4.4877665589901447e-07 3.8092843898158988e-05 0.0021100273652990506 0.067772768621338894 0.9457446885912516 -0.034308900000913765 0.00071499399609628882 -1.1423388962349587e-05 1.5749553951341202e-07 -1.9998292258207243e-09 2.356145841330021e-11 -4.6631113432679897e-11 -2.0705724488473472e-09 -7.1874155709910733e-08 -1.9094426550823288e-06 -3.8080512582318687e-05 -0.00055538214282647503 -0.0057017460146601981 -0.038669238269400219 -0.15259619252483997 -0.26522082992471796 -0.057840021147068772 0.34273543331816758 -0.045090365352039877 0.00015279526198921217 -8.5701115632031591e-10 3.288782805890112e-20 -5.5353784557426004e-39
0 0 0 0 0 0 0 0 0 0 0 0 0 0 0 0 0 0 0 0 0 0 0 0 0 0 0 0 0 0 0 0 0 0 0 0 0 0 0 0 0 -9.7234613716580339e-63 9.7234613716580339e-63 1.4021231297930885e-59 6.8587993571851969e-56 2.7899495842136713e-52 9.4164101361602441e-49 2.6303823487277308e-45 6.0643124076115435e-42 1.1503201779500423e-38 1.789002910027561e-35 2.2721794839358982e-32 2.3461756204991452e-29 1.9593948528546845e-26 1.315603512258078e-23 7.0520427037604378e-21 2.9926422820844971e-18 9.9527211571697883e-16 2.5617499382280266e-13 5.0228274969595668e-11 7.3478518290330036e-09 7.7958824375541176e-07 5.7576258130406446e-05 0.0027742504693453601 0.077486442604550829 0.93969783126202466 -0.039202139254288941 0.00093957369272015833 -1.7270139589708901e-05 2.7405892773469545e-07 -4.0085771772276604e-09 9.112477140403372e-12 -2.1095582760811405e-09 -7.3199593352161518e-08 -1.944636496781234e-06 -3.8781899439939588e-05 -0.00056560148540142836 -0.0058065100984838929 -0.039378094593387203 -0.15538148313142874 -0.27001055609943103 -0.058736409698323895 0.34923477505774597 -0.045957723711046151 0.00015575865038090414 -8.7371797804334164e-10 3.353074642163947e-20 -5.6436842690948286e-39
0 0 0 0 0 0 0 0 0 0 0 0 0 0 0 0 0 0 0 0 0 0 0 0 0 0 0 0 0 0 0 0 0 0 0 0 0 0 0 0 0 -9.7234613716580339e-63 0 4.861730685829017e-62 2.9361936303995765e-58 1.2512511903047197e-54 4.434144177466247e-51 1.3037851698190443e-47 3.172746738731883e-44 6.3720763758471257e-41 1.0528977523627006e-37 1.4263614633594985e-34 1.5779485526572532e-31 1.4191231644641107e-28 1.032203437346633e-25 6.0356310115983631e-23 2.8172992162540461e-20 1.0410079430769921e-17 3.0142335106066449e-15 6.7539044067665705e-13 1.152625107102329e-10 1.4674039497921458e-08 1.3546233894393288e-06 8.7027747381222481e-05 0.0036466369513060673 0.08853791061272745 0.93262997874299081 -0.044760758894322877 0.0012342885502391308 -2.611294505341003e-05 4.7722756598513087e-07 -8.0912700103337022e-09 -2.0181099308570829e-09 -7.4578854085218167e-08 -1.9811996278454573e-06 -3.9510479060813425e-05 -0.00057621507118900883 -0.005915286036728174 -0.040113770241894088 -0.15826978648067833 -0.2749672621283884 -0.059634352658723709 0.35602277726078563 -0.046865953041643767 0.00015886623415931839 -8.9125369533352048e-10 3.4205895675680693e-20 -5.7574374016906777e-39
0 0 0 0 0 0 0 0 0 0 0 0 0 0 0 0 0 0 0 0 0 0 0 0 0 0 0 0 0 0 0 0 0 0 0 0 0 0 0 0 0 0 0 -9.7234613716580339e-63 1.3612845920321247e-60 6.1607559546984153e-57 2.2871141158835242e-53 7.0608733709131896e-50 1.8086247401475918e-46 3.8340570631058912e-43 6.7076428332738879e-40 9.6543681441395973e-37 1.1391905829717116e-33 1.0976561870874747e-30 8.5975464302702528e-28 5.4459178584799385e-25 2.772973468626884e-22 1.1270259220226085e-19 3.6256623056526529e-17 9.1388125228805574e-15 1.7823207126959265e-12 2.6470682147013033e-10 2.9321627780563548e-08 2.3546011328482092e-06 0.00013155108947677469 0.0047919554584941416 0.10109222955895383 0.92434910166359319 -0.051063601206988156 0.0016208425115799884 -3.9491456739322414e-05 8.3172469916893038e-07 -1.8361321710471607e-08 -7.5710529133763345e-08 -2.019339208883639e-06 -4.0270237426628921e-05 -0.00058728040375808667 -0.0060286546125026437 -0.040880099463453376 -0.16127547455721414 -0.28011268378845683 -0.060529215988878518 0.36314712552663447 -0.047822105274882148 0.0001621434420712271 -9.0976634549366202e-10 3.491907023397476e-20 -5.8776191692418949e-39
0 0 0 0 0 0 0 0 0 0 0 0 0 0 0 0 0 0 0 0 0 0 0 0 0 0 0 0 0 0 0 0 0 0 0 0 0 0 0 0 0 -9.7234613716580339e-63 0 -9.7234613716580339e-63 -9.7234613716580339e-63 3.3390366350273688e-59 1.2956042634550079e-55 4.1901554116535314e-52 1.1269179927263727e-48 2.5145527489202078e-45 4.6433794755459993e-42 7.076062011987482e-39 8.8709869367386153e-36 9.1169225950980428e-33 7.6506105201968657e-30 5.2185806144662795e-27 2.8784770956865312e-24 1.2761793002284447e-21 4.5157352950109705e-19 1.2646127061614761e-16 2.7744312946103104e-14 4.7088205456557872e-12 6.0848380697677715e-10 5.8631311590781817e-08 4.0944616064350804e-06 0.00019886824875469506 0.0062948966997754688 0.11532753300915777 0.91462111666163648 -0.058194302934688684 0.0021275642930166897 -5.9742009311194527e-05 1.4492295220392693e-06 -1.1011033835847097e-07 -2.0585881009591387e-06 -4.1066246101024728e-05 -0.00059887036791376016 -0.0061473511399868647 -0.041681927562037792 -0.16441664103696044 -0.28547387907714478 -0.061414213420397337 0.37066930895409927 -0.048835323425616944 0.00016562333031271067 -9.2944865937608151e-10 3.5677819729267794e-20 -6.0055084492131645e-39
0 0 0 0 0 0 0 0 0 0 0 0 0 0 0 0 0 0 0 0 0 0 0 0 0 0 0 0 0 0 0 0 0 0 0 0 0 0 0 0 0 -9.7234613716580339e-63 0 -9.7234613716580339e-63 -1.9446922743316068e-62 2.0419268880481871e-61 8.0806825729164091e-58 2.7321803297336035e-54 7.6976149649298598e-51 1.8034088663848054e-47 3.5052844385369087e-44 5.6381931057529822e-41 7.4837760759181694e-38 8.1714988793115309e-35 7.3139601810467679e-32 5.3449664909535577e-29 3.1747635200632524e-26 1.5247270727923221e-23 5.8852574735442064e-21 1.8128151096017242e-18 4.4186750796667081e-16 8.4361823021236829e-14 1.2457680111509598e-11 1.4003210000293065e-09 1.1733926483657554e-07 7.1236577292891046e-06 0.00030066866432258547 0.0082660950683476377 0.1314328382433933 0.90315872835283284 -0.066239436082040207 0.0027913944068116013 -9.0418731786575239e-05 2.4578163569082544e-06 -2.1673050382567419e-06 -4.1903332399010818e-05 -0.00061107902574139951 -0.0062723229132107053 -0.042525482902640521 -0.16771644152004261 -0.29108501136455955 -0.062279216606904095 0.37867022483299045 -0.049917710038446909 0.00016934978343264697 -9.5055692604971197e-10 3.6492192057044561e-20 -6.1428077624257107e-39
0 0 0 0 0 0 0 0 0 0 0 0 0 0 0 0 0 0 0 0 0 0 0 0 0 0 0 0 0 0 0 0 0 0 0 0 0 0 0 0 0 -9.7234613716580339e-63 0 -9.7234613716580339e-63 -1.9446922743316068e-62 9.7234613716580339e-63 5.5423729818450793e-60 1.9626427563698247e-56 5.7806041795988992e-53 1.4187082334516211e-49 2.8952681203874233e-46 4.9018272812300855e-43 6.8674388233141269e-40 7.939128216639512e-37 7.5496122728219779e-34 5.8845902750461789e-31 3.744679411225617e-28 1.9366319051519741e-25 8.0974394295926383e-23 2.7207431625118006e-20 7.2942404199686116e-18 1.5472158014313795e-15 2.5701150236941099e-13 3.301354729781413e-11 3.227106674840782e-09 2.3508177042737002e-07 1.2402163458636538e-05 0.0004546615973161987 0.010849930262035332 0.14960389963717155 0.88960641991410838 -0.075285296203024862 0.0036604618942372639 -0.00013701203558953021 2.297842590960512e-06 -4.2928923571683534e-05 -0.00062402620888561016 -0.0064048161157040599 -0.043418936719088815 -0.17120509382592164 -0.29698993324228623 -0.06310873838514143 0.38725891174248445 -0.051085690369124984 0.00017338255541946202 -9.734407568683862e-10 3.7375906806782252e-20 -6.2918424403776077e-39
0 0 0 0 0 0 0 0 0 0 0 0 0 0 0 0 0 0 0 0 0 0 0 0 0 0 0 0 0 0 0 0 0 0 0 0 0 0 0 0 0 -1.9446922743316068e-62 0 -1.9446922743316068e-62 -1.9446922743316068e-62 0 0 1.5569206348298844e-58 4.7857239440405856e-55 1.2278607249081011e-51 2.6249644571672308e-48 4.6661198271580658e-45 6.8808429023596876e-42 8.3959886837615207e-39 8.4531148689975332e-36 7.0001139832150403e-33 4.7511447798069793e-30 2.6324372154882126e-27 1.1852375143623592e-24 4.3138719981361096e-22 1.2615546223418315e-19 2.9432359590447674e-17 5.431724279957399e-15 7.8484117444191631e-13 8.7669058674400501e-11 7.4499353106156205e-09 4.7160090958937275e-07 2.1610418256732151e-05 0.00068770769236840552 0.014234631898960034 0.17003606795458162 0.87351958209415281 -0.085412556584087196 0.0047973703690675131 -0.00020977682922697444 -3.5939495717191765e-05 -0.00063816457709086108 -0.0065465022985504075 -0.044373279142220917 -0.17492297610731988 -0.30324604286417456 -0.063878356577147799 0.396586767301913 -0.052362249663114306 0.00017780557305219943 -9.9859220741835161e-10 3.8348293789273922e-20 -6.4558897527011694e-39
0 0 0 0 0 0 0 0 0 0 0 0 0 0 0 0 0 0 0 0 0 0 0 0 0 0 0 0 0 0 0 0 0 0 0 0 0 0 0 0 0 0 0 0 -1.9446922743316068e-62 1.9446922743316068e-62 -3.8893845486632136e-62 1.3418376692888087e-60 4.3801081971680512e-57 1.1725854240969802e-53 2.6205767321765338e-50 4.8798250215676316e-47 7.5552586761089235e-44 9.7034098833355906e-41 1.0311388161839553e-37 9.0405316854882326e-35 6.5189706324050373e-32 3.8523734517517581e-29 1.8582221365528591e-26 7.2828353096686337e-24 2.3070406954010581e-21 5.8710283182874772e-19 1.1917038737154995e-16 1.9130068063600311e-14 2.4036909437101061e-12 2.3341121796152482e-10 1.7236107033116018e-08 9.4769714852403056e-07 3.7697725283622252e-05 0.0010406201639562274 0.018665382757811232 0.19291247716848908 0.85433397873844774 -0.096687409150829046 0.006281716750155532 -0.00035994131473836809 -0.00063911516660290324 -0.0067003144470596391 -0.045403731330150923 -0.17892564846477668 -0.30993023877165365 -0.064548003743128635 0.40687198641130595 -0.053780813286386703 0.00018274139337327082 -1.0267314901971114e-09 3.9437679212751762e-20 -6.6397540088596506e-39
0 0 0 0 0 0 0 0 0 0 0 0 0 0 0 0 0 0 0 0 0 0 0 0 0 0 0 0 0 0 0 0 0 0 0 0 0 0 0 0 0 0 0 0 -1.9446922743316068e-62 0 -3.8893845486632136e-62 -1.9446922743316068e-62 4.4436218468477215e-59 1.2393448021316631e-55 2.8900035456976941e-52 5.6257411162059869e-49 9.1242137958293213e-46 1.2303404566054044e-42 1.3761257778233795e-39 1.273437871581315e-36 9.7217843413059658e-34 6.1035373116817037e-31 3.1400349911531663e-28 1.3184173692169903e-25 4.4971978971136702e-23 1.2396806699665884e-20 2.7447101443638478e-18 4.8459446824800061e-16 6.7645157351712374e-14 7.3887237993592757e-12 6.2347131054428325e-10 3.998863728203772e-08 1.9086356979395214e-06 6.5859124515928527e-05 0.0015755801907704871 0.0244613743609907 0.21838458215480619 0.83131717333584632 -0.10914750414176502 0.0081800141741526101 -0.0011488608559645102 -0.0068434728970887086 -0.046533546301505031 -0.18329240265302885 -0.3171484801960387 -0.065048397631287475 0.41844463450310154 -0.05539247637026494 0.00018837826098809673 -1.0589677702926059e-09 4.0687745708918126e-20 -6.8508471272176047e-39
0 0 0 0 0 0 0 0 0 0 0 0 0 0 0 0 0 0 0 0 0 0 0 0 0 0 0 0 0 0 0 0 0 0 0 0 0 0 0 0 0 -1.9446922743316068e-62 0 -1.9446922743316068e-62 -1.9446922743316068e-62 1.9446922743316068e-62 -1.9446922743316068e-62 -1.9446922743316068e-62 5.0561999132621776e-61 1.4543964581271221e-57 3.5325884149862681e-54 7.1750293138661525e-51 1.2164903387490275e-47 1.7183204451228987e-44 2.0178391370298077e-41 1.9653535511115927e-38 1.5836012422633845e-35 1.0525879926960162e-32 5.7529550237278881e-30 2.5762385100663471e-27 9.4141979478293896e-25 2.7943296576669979e-22 6.7013905070403476e-20 1.2905375650418843e-17 1.9813153352828004e-15 2.4042139494514063e-13 2.2819204092025295e-11 1.6724059238661415e-09 9.3113299752428215e-08 3.8551869086664492e-06 0.0001152926572305387 0.0023877203552717299 0.03203813835716518 0.24653853997288905 0.8034767621047072 -0.12280227426303489 0.010069165760473325 -0.0077871184883136048 -0.047748739344273497 -0.1881451898167133 -0.32505149633081082 -0.065250307293765963 0.43183876319673586 -0.057280964156354822 0.00019502639708445863 -1.0971346354646925e-09 4.217082027338545e-20 -7.1014472375096752e-39
0 0 0 0 0 0 0 0 0 0 0 0 0 0 0 0 0 0 0 0 0 0 0 0 0 0 0 0 0 0 0 0 0 0 0 0 0 0 0 0 0 0 0 -1.9446922743316068e-62 -3.8893845486632136e-62 0 -1.9446922743316068e-62 -1.9446922743316068e-62 -1.9446922743316068e-62 1.8999643520219798e-59 4.8040297213573239e-56 1.0163139280771702e-52 1.797864061149358e-49 2.6547036886993184e-46 3.2655640180684604e-43 3.3393019828322796e-40 2.8319708730508695e-37 1.9866955448806536e-34 1.1495647827026445e-31 5.468904915618217e-29 2.1314048322533404e-26 6.7773444585201127e-24 1.7501041307619085e-21 3.6505661126980856e-19 6.113027096846657e-17 8.1581067962866425e-15 8.6018536218168131e-13 7.0909119675133448e-11 4.5111012749840861e-09 2.1786735779593582e-07 7.8178840411330428e-06 0.00020240598783936414 0.0036235123793376526 0.041936448792293766 0.27732453599555323 0.76929526320141928 -0.13799887971151287 0.0067459969187926069 -0.05035781414095411 -0.19358471714812631 -0.33386940915846774 -0.064877443983841251 0.4480190931831608 -0.059600108505479664 0.00020326005239921805 -1.1446400225659936e-09 4.4021605349140507e-20 -7.4144354718801341e-39
0 0 0 0 0 0 0 0 0 0 0 0 0 0 0 0 0 0 0 0 0 0 0 0 0 0 0 0 0 0 0 0 0 0 0 0 0 0 0 0 0 -1.9446922743316068e-62 0 -1.9446922743316068e-62 -1.9446922743316068e-62 1.9446922743316068e-62 -3.8893845486632136e-62 -1.9446922743316068e-62 -1.9446922743316068e-62 2.3336307291979281e-61 7.3003747978408519e-58 1.6061201825551094e-54 2.9593207066162189e-51 4.5591999811327739e-48 5.8625631450230194e-45 6.2796784648709998e-42 5.5912125204745558e-39 4.1282704062054712e-36 2.52110735260357e-33 1.2697503368970526e-30 5.2570921567004689e-28 1.782775408690994e-25 4.9316082915932501e-23 1.1076163824282609e-20 2.0089195005806362e-18 2.9241131511913729e-16 3.3907419804443712e-14 3.1050129683557675e-12 2.2217509246842117e-10 1.2260216538687134e-08 5.1316376844769173e-07 1.5941294682484664e-05 0.00035677802004289403 0.0055102536286820184 0.054851049102881765 0.31030432580354422 0.72534941359790595 -0.15929886992733985 -0.032853422065929901 -0.20201683023120681 -0.34371457582284509 -0.063183599518033692 0.46916840063147874 -0.062706758500557278 0.00021442593406886923 -1.2095230217008066e-09 4.655878576707344e-20 -7.8439932111521014e-39
0 0 0 0 0 0 0 0 0 0 0 0 0 0 0 0 0 0 0 0 0 0 0 0 0 0 0 0 0 0 0 0 0 0 0 0 0 0 0 0 0 -1.9446922743316068e-62 0 1.9446922743316068e-62 -1.9446922743316068e-62 1.9446922743316068e-62 -3.8893845486632136e-62 -3.8893845486632136e-62 0 0 1.2426583632978967e-59 2.8486902568237515e-56 5.4581098448132843e-53 8.7581878795025526e-50 1.1750065161087237e-46 1.315636468558834e-43 1.2270015229037887e-40 9.5110855860976077e-38 6.1130683437627299e-35 3.2493205745272152e-32 1.4241766505600106e-29 5.1304930365577712e-27 1.5135239929795722e-24 3.6413011310380259e-22 7.1106747022377856e-20 1.1209683941514811e-17 1.4176306671164404e-15 1.4275663965482687e-13 1.1346154880271003e-11 7.0413973715814128e-10 3.367120289032888e-08 1.2199091360050876e-06 3.2754267073166939e-05 0.0006323256815893635 0.0083991295872159737 0.071561657574934989 0.34316200364031829 0.65808106416549172 -0.21660596040496521 -0.18463195116517314 -0.35903043570212972 -0.056505528946128016 0.50243503906915987 -0.067811233444035335 0.00023314825345990871 -1.3195613212555818e-09 5.088693036489922e-20 -8.5780902934678082e-39
0 0 0 0 0 0 0 0 0 0 0 0 0 0 0 0 0 0 0 0 0 0 0 0 0 0 0 0 0 0 0 0 0 0 0 0 0 0 0 0 0 -1.9446922743316068e-62 0 1.9446922743316068e-62 -1.9446922743316068e-62 1.9446922743316068e-62 -3.8893845486632136e-62 -3.8893845486632136e-62 0 0 2.1391615017647675e-61 5.7238127710402182e-58 1.1387182172563481e-54 1.8999827960474703e-51 2.654777859325951e-48 3.1011743479234735e-45 3.0231120259624138e-42 2.4544291547705412e-39 1.656038302632547e-36 9.2634820100951428e-34 4.2846238495729014e-31 1.6338355747205766e-28 5.1195736102757789e-26 1.3133605888369517e-23 2.7468914943374066e-21 4.6615705697697443e-19 6.3836328469671967e-17 7.0092199009348285e-15 6.1244293596190051e-13 4.2203443118360063e-11 2.2686578652205592e-09 9.3851255414842085e-08 2.9367216860877131e-06 6.794554881752978e-05 0.0011264710853266329 0.012779365809483951 0.092028941531479738 0.36350472714705867 0.51231681116174865 -0.39531568979583231 -0.33181694395216454 -0.040129110478568555 0.57837852139788037 -0.079983893977350076 0.00027883450272143327 -1.5915988284583092e-09 6.1658020776677543e-20 -1.0408675589957277e-38
0 0 0 0 0 0 0 0 0 0 0 0 0 0 0 0 0 0 0 0 0 0 0 0 0 0 0 0 0 0 0 0 0 0 0 0 0 0 0 0 0 0 0 3.8893845486632136e-62 0 3.8893845486632136e-62 -3.8893845486632136e-62 0 0 0 0 1.3379482847401455e-59 2.7467494878032887e-56 4.7577852191094057e-53 6.9114329315914535e-50 8.4068710923089571e-47 8.5481467089617588e-44 7.2524421256717627e-41 5.1239045666012554e-38 3.0079299473825562e-35 1.4636353510772384e-32 5.8875272493726015e-30 1.9519711718805743e-27 5.3162583327963451e-25 1.1849507831543533e-22 2.1523199548144439e-20 3.1703798294220783e-18 3.7659425547215691e-16 3.583831981223649e-14 2.711255631101244e-12 1.615508415888824e-10 7.496142641002877e-09 2.6705529564076596e-07 7.1726934642861235e-06 0.00014174220187849728 0.0019912737734658304 0.018870571842942802 0.11008397634945526 0.32226971673749627 0.17887098383646666 -0.59946267452783442 0.11568204551827285 0.77139059382640707 -0.11358115924499425 0.00040721001408316516 -2.3610266442689923e-09 9.2208220056945352e-20 -1.5605048993805279e-38
0 0 0 0 0 0 0 0 0 0 0 0 0 0 0 0 0 0 0 0 0 0 0 0 0 0 0 0 0 0 0 0 0 0 0 0 0 0 0 0 0 0 3.8893845486632136e-62 0 0 7.7787690973264271e-62 0 -3.8893845486632136e-62 3.8893845486632136e-62 0 0 4.2783230035295349e-61 7.8207744504519898e-58 1.4019233321088237e-54 2.1103166382505214e-51 2.6634713227701605e-48 2.8140916429426072e-45 2.4846865411389254e-42 1.8299284589260174e-39 1.1218503065595656e-36 5.712090783894216e-34 2.4095400932385442e-31 8.3975669238660583e-29 2.4105501248838249e-26 5.6796556003617124e-24 1.0941475094856334e-21 1.7157247164871579e-19 2.1788121374069524e-17 2.2275056621390296e-15 1.8206299804546268e-13 1.1798493177801755e-11 6.0016020614271311e-10 2.3666653985734898e-08 7.1212516170031237e-07 1.6012373679493149e-05 0.00026138226944859511 0.0029670600715170311 0.021794725190776007 0.089379911749886173 0.12757707336131408 -0.16310799882210744 -0.21165822885620431 1.129682802219357 -0.15781786542224666 0.00056038810067324946 -3.2473448933436912e-09 1.2695910686468444e-19 -2.1496638572744706e-38
-0 -0 -0 -0 -0 -0 -0 -0 -0 -0 -0 -0 -0 -0 -0 -0 -0 -0 -0 -0 -0 -0 -0 -0 -0 -0 -0 -0 -0 -0 -0 -0 -0 -0 -0 -0 -0 -0 -0 -0 -0 -0 -0 -0 -0 -0 -0 -0 -0 -0 -0 -0 -0 -0 -0 -0 -0 -0 -0 -0 -0 -0 -0 -0 -0 -0 -0 -0 -0 -0 -0 -0 -0 -0 -0 -0 -0 -0 -0 -0 -0 -0 -0 -0 -0 -0 -0 -0
-0 -0 -0 -0 -0 -0 -0 -0 -0 -0 -0 -0 -0 -0 -0 -0 -0 -0 -0 -0 -0 -0 -0 -0 -0 -0 -0 -0 -0 -0 -0 -0 -0 -0 -0 -0 -0 -0 -0 -0 -0 -0 -0 -0 -0 -0 -0 -0 -0 -0 -0 -0 -0 -0 -0 -0 -0 -0 -0 -0 -0 -0 -0 -0 -0 -0 -0 -0 -0 -0 -0 -0 -0 -0 -0 -0 -0 -0 -0 -0 -0 -0 -0 -0 -0 -0 -0 -0
0 0 0 0 0 0 0 0 0 0 0 0 0 0 0 0 0 0 0 0 0 0 0 0 0 0 0 0 0 0 0 0 0 0 0 0 0 0 0 0 0 0 0 0 0 3.8893845486632136e-62 3.8893845486632136e-62 7.7787690973264271e-62 7.7787690973264271e-62 7.7787690973264271e-62 7.7787690973264271e-62 7.7787690973264271e-62 3.2670830208770994e-60 5.8966570203828115e-57 9.1792443337800925e-54 1.1994980797051138e-50 1.3138020474473547e-47 1.2041845491658034e-44 9.2197999020974977e-42 5.8854118874066579e-39 3.1256439493538223e-36 1.3778319336837006e-33 5.0283497577318717e-31 1.5148824443627899e-28 3.7554251796795677e-26 7.6329254008860671e-24 1.2667361697743036e-21 1.7084259260435419e-19 1.8623074558263598e-17 1.6303419485669299e-15 1.1375946399232339e-13 6.2691354633181223e-12 2.6980450032103224e-10 8.9398598556811957e-09 2.238553710056155e-07 4.1293601035391827e-06 5.4055105172855651e-05 0.0004723809721144477 0.0024436338394976777 0.0053665694165198514 -0.0027434620285947484 -0.015404738661645132 0.04875049466459172 1.0073261185076003 -0.0111690212231744 1.5906398324493047e-07 -1.3752380994881363e-17 2.3594037259786799e-36
0 0 0 0 0 0 0 0 0 0 0 0 0 0 0 0 0 0 0 0 0 0 0 0 0 0 0 0 0 0 0 0 0 0 0 0 0 0 0 0 0 0 0 0 0 9.7234613716580339e-63 9.7234613716580339e-63 9.7234613716580339e-63 1.9446922743316068e-62 2.4308653429145085e-62 2.9170384114974102e-62 3.4032114800803119e-62 1.1668153645989641e-61 1.2236976136231636e-58 1.9058759734494136e-55 2.4927410662888347e-52 2.7328892137541856e-49 2.5074167660568735e-46 1.9218787585682569e-43 1.228245329086821e-40 6.5311229721731939e-38 2.8828706301567338e-35 1.0536107085325406e-32 3.1791443064590037e-30 7.8944961062058379e-28 1.6075165632908391e-25 2.6731551288775699e-23 3.6132106660301821e-21 3.9482700263259488e-19 3.4658398098451309e-17 2.4256527904529511e-15 1.3412935695303212e-13 5.794808836257755e-12 1.9285892081057873e-10 4.8540695513031476e-09 9.0085831587697438e-08 1.1879651007646045e-06 1.0478227180435995e-05 5.4895499725948334e-05 0.00012327484265904154 -5.7706281542980775e-05 -0.00036248543998926785 0.0011083051916755727 0.025356957895571432 0.98383369661473996 -4.2284719373691357e-05 8.5757702156181467e-15 -7.3792669223979975e-34
0 0 0 0 0 0 0 0 0 0 0 0 0 0 0 0 0 0 0 0 0 0 0 0 0 0 0 0 0 0 0 0 0 0 0 0 0 0 0 0 0 0 0 0 0 0 0 0 3.0385816786431356e-64 6.0771633572862712e-64 3.0385816786431356e-64 6.0771633572862712e-64 9.1157450359294068e-64 8.8118868680650932e-63 1.1229990167929301e-59 1.4690918595420935e-56 1.611252706018763e-53 1.4789385827957668e-50 1.1340834250449719e-47 7.2512764453725784e-45 3.8578397152048968e-42 1.7038333321248476e-39 6.2308711569943344e-37 1.8813483713794346e-34 4.6752061901654985e-32 9.5275235672846564e-30 1.5857416455598313e-27 2.1454891452934711e-25 2.3469972445614207e-23 2.0627344581960181e-21 1.445638290521277e-19 8.0062969410668382e-18 3.465151587067573e-16 1.1556341239463041e-14 2.9156771124126308e-13 5.426833321084598e-12 7.1817589004261377e-11 6.3631418428010748e-10 3.3543987225252935e-09 7.6154582329903082e-09 -3.4019910530985438e-09 -2.2656762353950888e-08 6.8068734624265982e-08 1.6371104826806832e-06 9.5494850639224075e-05 0.98397584712470887 -5.9920210301118373e-10 2.6343171862196198e-29
0 0 0 0 0 0 0 0 0 0 0 0 0 0 0 0 0 0 0 0 0 0 0 0 0 0 0 0 0 0 0 0 0 0 0 0 0 0 0 0 0 0 0 0 0 0 0 0 0 0 0 0 0 0 0 1.1869459682199748e-65 1.2121092227462383e-62 1.1122227343474609e-59 8.5292391564030818e-57 5.4541281687099411e-54 2.9021522984640253e-51 1.2819945885138663e-48 4.6892990597713211e-46 1.4162672907711275e-43 3.5205517914007266e-41 7.1769849308590802e-39 1.1949950198838591e-36 1.6175342883322497e-34 1.7703458041036317e-32 1.556811274090168e-30 1.0917753308558334e-28 6.0509958562207843e-27 2.6211283076194688e-25 8.7502112893703486e-24 2.2102816987993996e-22 4.1197128215168174e-21 5.4614050647070632e-20 4.8496310404195698e-19 2.5643905850619262e-18 5.8534900157153325e-18 -2.5524185933173569e-18 -1.7515375633863675e-17 5.2158471343260151e-17 1.2858881842223701e-15 8.7598339922924045e-14 1.3532898410932177e-09 0.9839758491766597 -1.1836200733135781e-19
8.6934519156736439e-70 0 5.7956346104490959e-70 8.6934519156736439e-70 5.7956346104490959e-70 0 5.7956346104490959e-70 8.6934519156736439e-70 5.7956346104490959e-70 8.6934519156736439e-70 2.897817305224548e-70 0 2.897817305224548e-70 5.7956346104490959e-70 0 2.897817305224548e-70 2.897817305224548e-70 2.897817305224548e-70 2.897817305224548e-70 8.6934519156736439e-70 8.6934519156736439e-70 2.897817305224548e-70 5.7956346104490959e-70 2.897817305224548e-70 2.897817305224548e-70 2.897817305224548e-70 2.897817305224548e-70 2.897817305224548e-70 2.897817305224548e-70 2.897817305224548e-70 8.6934519156736439e-70 5.7956346104490959e-70 8.6934519156736439e-70 2.897817305224548e-70 2.897817305224548e-70 2.897817305224548e-70 5.7956346104490959e-70 2.897817305224548e-70 2.897817305224548e-70 0 0 0 0 0 0 0 0 0 0 0 0 0 0 0 0 0 0 2.897817305224548e-70 8.6934519156736439e-70 1.1591269220898192e-69 1.1591269220898192e-68 4.6680938969862243e-66 1.5916339790013071e-63 4.5020563780135245e-61 1.0535942085442539e-58 2.0344421004367992e-56 3.2315781158099738e-54 4.20844284650314e-52 4.4764301179083254e-50 3.8726130435457356e-48 2.7117120454532178e-46 1.5284105218214731e-44 6.8893595852651992e-43 2.4643912336207742e-41 6.9301781246831327e-40 1.5140173153504779e-38 2.5296860605804119e-37 3.1605851509912308e-36 2.8398227604267921e-35 1.684616231516118e-34 5.6056376295295304e-34 9.7747657823679547e-34 1.3665340511562037e-33 3.8415589384873723e-33 6.8173276982671893e-32 2.6885572810770236e-28 2.6731899203879474e-19 0.98397584917656888
-0 -0 -0 -0 -0 -0 -0 -0 -0 -0 -0 -0 -0 -0 -0 -0 -0 -0 -0 -0 -0 -0 -0 -0 -0 -0 -0 -0 -0 -0 -0 -0 -0 -0 -0 -0 -0 -0 -0 -0 -0 -0 -0 -0 -0 -0 -0 -0 -0 -0 -0 -0 -0 -0 -0 -0 -0 -0 -0 -0 -0 -0 -0 -0 -0 -0 -0 -0 -0 -0 -0 -0 -0 -0 -0 -0 -0 -0 -0 -0 -0 -0 -0 -0 -0 -0 -0 -0
